-- --------------------------------------------------------
-- Host:                         127.0.0.1
-- Server version:               10.5.5-MariaDB - mariadb.org binary distribution
-- Server OS:                    Win64
-- HeidiSQL Version:             11.0.0.5919
-- --------------------------------------------------------

/*!40101 SET @OLD_CHARACTER_SET_CLIENT=@@CHARACTER_SET_CLIENT */;
/*!40101 SET NAMES utf8 */;
/*!50503 SET NAMES utf8mb4 */;
/*!40014 SET @OLD_FOREIGN_KEY_CHECKS=@@FOREIGN_KEY_CHECKS, FOREIGN_KEY_CHECKS=0 */;
/*!40101 SET @OLD_SQL_MODE=@@SQL_MODE, SQL_MODE='NO_AUTO_VALUE_ON_ZERO' */;

-- Dumping structure for table kpi_obai_baru.api_key
CREATE TABLE IF NOT EXISTS `api_key` (
  `id` int(11) NOT NULL AUTO_INCREMENT,
  `key` varchar(50) DEFAULT NULL,
  `pengguna` varchar(255) DEFAULT NULL,
  `tgl_input` datetime DEFAULT NULL,
  PRIMARY KEY (`id`)
) ENGINE=InnoDB AUTO_INCREMENT=3 DEFAULT CHARSET=latin1;

-- Dumping data for table kpi_obai_baru.api_key: ~0 rows (approximately)
DELETE FROM `api_key`;
/*!40000 ALTER TABLE `api_key` DISABLE KEYS */;
INSERT INTO `api_key` (`id`, `key`, `pengguna`, `tgl_input`) VALUES
	(1, 'KPI943464OR', 'Developer', '2020-03-05 21:17:07');
/*!40000 ALTER TABLE `api_key` ENABLE KEYS */;

-- Dumping structure for table kpi_obai_baru.appraisal
CREATE TABLE IF NOT EXISTS `appraisal` (
  `kd_appraisal` varchar(20) NOT NULL,
  `bulan` int(11) DEFAULT NULL,
  `tahun` int(11) DEFAULT NULL,
  `nip` varchar(10) DEFAULT NULL,
  `nip_atasan` varchar(10) DEFAULT NULL,
  `kd_departemen` int(10) unsigned DEFAULT NULL,
  `kd_jabatan` int(10) unsigned DEFAULT NULL,
  `performance_rating` double DEFAULT NULL,
  `status` tinyint(4) DEFAULT NULL COMMENT '1=input, 2=proses,3=approve',
  `remark` text DEFAULT NULL,
  `approved_by` varchar(255) DEFAULT NULL,
  `nip_approver` varchar(10) DEFAULT NULL,
  `point` float(5,2) DEFAULT NULL,
  `user_input` varchar(255) DEFAULT NULL,
  `user_edit` varchar(255) DEFAULT NULL,
  `tgl_input` datetime DEFAULT NULL,
  `tgl_edit` datetime DEFAULT NULL,
  PRIMARY KEY (`kd_appraisal`),
  KEY `FK_appraisal_pegawai` (`nip`),
  KEY `FK_appraisal_departemen` (`kd_departemen`),
  KEY `FK_appraisal_jabatan` (`kd_jabatan`),
  CONSTRAINT `FK_appraisal_departemen` FOREIGN KEY (`kd_departemen`) REFERENCES `departemen` (`kd_departemen`) ON DELETE SET NULL ON UPDATE CASCADE,
  CONSTRAINT `FK_appraisal_jabatan` FOREIGN KEY (`kd_jabatan`) REFERENCES `jabatan` (`kd_jabatan`) ON DELETE SET NULL ON UPDATE CASCADE,
  CONSTRAINT `FK_appraisal_pegawai` FOREIGN KEY (`nip`) REFERENCES `pegawai` (`nip`) ON DELETE SET NULL ON UPDATE CASCADE
) ENGINE=InnoDB DEFAULT CHARSET=latin1;

-- Dumping data for table kpi_obai_baru.appraisal: ~0 rows (approximately)
DELETE FROM `appraisal`;
/*!40000 ALTER TABLE `appraisal` DISABLE KEYS */;
/*!40000 ALTER TABLE `appraisal` ENABLE KEYS */;

-- Dumping structure for table kpi_obai_baru.appraisal_detail
CREATE TABLE IF NOT EXISTS `appraisal_detail` (
  `kd_ad` varchar(25) NOT NULL,
  `kd_appraisal` varchar(20) DEFAULT NULL,
  `kd_measurement` varchar(10) DEFAULT NULL,
  `weightage_bd` decimal(5,4) DEFAULT NULL,
  `weightage_kpi` decimal(5,4) DEFAULT NULL,
  `weightage_bd_dept` decimal(5,4) DEFAULT NULL,
  `target` decimal(20,2) DEFAULT NULL,
  `score_bd` double(5,4) DEFAULT NULL,
  `score_kpi` double(5,4) DEFAULT NULL,
  `actual` double(20,2) DEFAULT NULL,
  `result` double(7,4) DEFAULT NULL,
  `point_result` double(5,2) DEFAULT NULL,
  `type` varchar(5) DEFAULT NULL,
  `unit` varchar(5) DEFAULT NULL,
  `period` varchar(5) DEFAULT NULL,
  `aggregation` varchar(5) DEFAULT NULL COMMENT 'avg, sum',
  `target_label` varchar(100) DEFAULT NULL,
  `status_calculate` tinyint(4) DEFAULT 1 COMMENT '1=hitung,0=tidak',
  `formula` text DEFAULT NULL,
  PRIMARY KEY (`kd_ad`),
  KEY `FK_appraisal_detail_appraisal` (`kd_appraisal`),
  KEY `FK_appraisal_detail_measurement` (`kd_measurement`),
  CONSTRAINT `FK_appraisal_detail_appraisal` FOREIGN KEY (`kd_appraisal`) REFERENCES `appraisal` (`kd_appraisal`) ON DELETE CASCADE ON UPDATE CASCADE,
  CONSTRAINT `FK_appraisal_detail_measurement` FOREIGN KEY (`kd_measurement`) REFERENCES `measurement` (`kd_measurement`) ON DELETE SET NULL ON UPDATE CASCADE
) ENGINE=InnoDB DEFAULT CHARSET=latin1;

-- Dumping data for table kpi_obai_baru.appraisal_detail: ~0 rows (approximately)
DELETE FROM `appraisal_detail`;
/*!40000 ALTER TABLE `appraisal_detail` DISABLE KEYS */;
/*!40000 ALTER TABLE `appraisal_detail` ENABLE KEYS */;

-- Dumping structure for table kpi_obai_baru.business_driver
CREATE TABLE IF NOT EXISTS `business_driver` (
  `kd_bd` varchar(10) NOT NULL COMMENT 'kode business driver yg real',
  `kd_bds` varchar(5) NOT NULL COMMENT 'kode business driver yang di show',
  `nm_bd` varchar(255) DEFAULT NULL,
  `kd_perspective` varchar(5) DEFAULT NULL,
  PRIMARY KEY (`kd_bd`),
  KEY `FK_business_driver_perspective` (`kd_perspective`),
  CONSTRAINT `FK_business_driver_perspective` FOREIGN KEY (`kd_perspective`) REFERENCES `perspective` (`kd_perspective`) ON DELETE SET NULL ON UPDATE CASCADE
) ENGINE=InnoDB DEFAULT CHARSET=latin1;

-- Dumping data for table kpi_obai_baru.business_driver: ~62 rows (approximately)
DELETE FROM `business_driver`;
/*!40000 ALTER TABLE `business_driver` DISABLE KEYS */;
INSERT INTO `business_driver` (`kd_bd`, `kd_bds`, `nm_bd`, `kd_perspective`) VALUES
	('C12', 'C1', 'Become the top of mind solution ', 'C2'),
	('C13', 'C1', 'Become the top of mind solution ', 'C3'),
	('C14', 'C1', 'Become the top of mind solution ', 'C4'),
	('C15', 'C1', 'Become the top of mind solution ', 'C5'),
	('C22', 'C2', 'Improve the company image', 'C2'),
	('C23', 'C2', 'Improve the company image', 'C3'),
	('C24', 'C2', 'Improve the company image', 'C4'),
	('C25', 'C2', 'Improve the company image', 'C5'),
	('C32', 'C3', 'Satisfy Customer Expectations', 'C2'),
	('C33', 'C3', 'Satisfy Customer Expectations', 'C3'),
	('C34', 'C3', 'Satisfy Customer Expectations', 'C4'),
	('C35', 'C3', 'Satisfy Customer Expectations', 'C5'),
	('C42', 'C4', 'Reject Rate', 'C2'),
	('C52', 'C5', 'Trial', 'C2'),
	('C62', 'C6', 'Satisfy Customer Expectations', 'C2'),
	('F12', 'F1', 'Growth and sustain the profitability', 'F2'),
	('F13', 'F1', 'Growth and sustain the profitability', 'F3'),
	('F14', 'F1', 'Growth and sustain the profitability', 'F4'),
	('F15', 'F1', 'Growth and sustain the profitability', 'F5'),
	('F22', 'F2', 'Manage Consistency and alignment the budget', 'F2'),
	('F23', 'F2', 'Manage Consistency and alignment the budget', 'F3'),
	('F24', 'F2', 'Manage Consistency and alignment the budget', 'F4'),
	('F25', 'F2', 'Manage Consistency and alignment the budget', 'F5'),
	('F32', 'F3', 'BU Monthly GSR', 'F2'),
	('F34', 'F3', 'BU Monthly GSR', 'F4'),
	('F42', 'F4', 'Bussines Growth (%)', 'F2'),
	('F44', 'F4', 'Cash Inflow', 'F4'),
	('F52', 'F5', 'Cost Control', 'F2'),
	('F54', 'F5', 'DN ', 'F4'),
	('F62', 'F6', 'Growth and sustain the profitability', 'F2'),
	('F64', 'F6', 'Overdue', 'F4'),
	('F72', 'F7', 'Inventory', 'F2'),
	('F82', 'F8', 'Productivity', 'F2'),
	('F92', 'F9', 'Stock Control', 'F2'),
	('H12', 'H1', 'Foster High Performance Culture', 'H2'),
	('H13', 'H1', 'Foster High Performance Culture', 'H3'),
	('H14', 'H1', 'Foster High Performance Culture', 'H4'),
	('H15', 'H1', 'Foster High Performance Culture', 'H5'),
	('H24', 'H2', 'Attend On Time Absensi ', 'H4'),
	('P102', 'P10', 'Inquiry', 'P2'),
	('P104', 'P10', 'Productivity', 'P4'),
	('P112', 'P11', 'Lead Time', 'P2'),
	('P12', 'P1', 'Guarante Reliable Manufacturer Process', 'P2'),
	('P122', 'P12', 'Pickup & Delivery Goods', 'P2'),
	('P13', 'P1', 'Guarante Reliable Manufacturer Process', 'P3'),
	('P132', 'P13', 'Preventive Maintenance', 'P2'),
	('P14', 'P1', 'Guarante Reliable Manufacturer Process', 'P4'),
	('P142', 'P14', 'Productivity', 'P2'),
	('P15', 'P1', 'Guarante Reliable Manufacturer Process', 'P5'),
	('P152', 'P15', 'Quotation', 'P2'),
	('P22', 'P2', 'Increase Direct process Efficiency', 'P2'),
	('P23', 'P2', 'Increase Direct process Efficiency', 'P3'),
	('P24', 'P2', 'Increase Direct process Efficiency', 'P4'),
	('P25', 'P2', 'Increase Direct process Efficiency', 'P5'),
	('P32', 'P3', 'Increase InDirect process Efficiency', 'P2'),
	('P33', 'P3', 'Increase InDirect process Efficiency', 'P3'),
	('P34', 'P3', 'Increase InDirect process Efficiency', 'P4'),
	('P35', 'P3', 'Increase InDirect process Efficiency', 'P5'),
	('P42', 'P4', '5S/HSE', 'P2'),
	('P44', 'P4', '5S/HSE', 'P4'),
	('P52', 'P5', 'Attend On Time Absensi ', 'P2'),
	('P54', 'P5', 'Cetak sertifikat', 'P4'),
	('P62', 'P6', 'Audit', 'P2'),
	('P64', 'P6', 'Closing Finance', 'P4'),
	('P72', 'P7', 'Delivery Invoice', 'P2'),
	('P74', 'P7', 'Collection', 'P4'),
	('P82', 'P8', 'Down Time', 'P2'),
	('P84', 'P8', 'Lead Time Subcon', 'P4'),
	('P92', 'P9', 'Guarante Reliable Manufacturer Process', 'P2'),
	('P94', 'P9', 'Preventive Maintenance', 'P4');
/*!40000 ALTER TABLE `business_driver` ENABLE KEYS */;

-- Dumping structure for table kpi_obai_baru.business_driver_bobot
CREATE TABLE IF NOT EXISTS `business_driver_bobot` (
  `kd_bdb` varchar(15) NOT NULL,
  `kd_bd` varchar(10) DEFAULT NULL,
  `weightage` int(11) DEFAULT NULL,
  `weightage_persen` decimal(5,2) DEFAULT NULL,
  `tahun` int(11) DEFAULT NULL,
  `status` tinyint(4) DEFAULT 0 COMMENT '0=proses, 1 = approve, 2=tolak',
  `approved_by` varchar(255) DEFAULT NULL,
  `nip_approver` varchar(10) DEFAULT NULL,
  `user_input` varchar(255) DEFAULT NULL,
  `user_edit` varchar(255) DEFAULT NULL,
  `tgl_input` datetime DEFAULT NULL,
  `tgl_edit` datetime DEFAULT NULL,
  PRIMARY KEY (`kd_bdb`),
  KEY `FK_business_driver_bobot_business_driver` (`kd_bd`),
  CONSTRAINT `FK_business_driver_bobot_business_driver` FOREIGN KEY (`kd_bd`) REFERENCES `business_driver` (`kd_bd`) ON DELETE CASCADE ON UPDATE CASCADE
) ENGINE=InnoDB DEFAULT CHARSET=latin1;

-- Dumping data for table kpi_obai_baru.business_driver_bobot: ~0 rows (approximately)
DELETE FROM `business_driver_bobot`;
/*!40000 ALTER TABLE `business_driver_bobot` DISABLE KEYS */;
INSERT INTO `business_driver_bobot` (`kd_bdb`, `kd_bd`, `weightage`, `weightage_persen`, `tahun`, `status`, `approved_by`, `nip_approver`, `user_input`, `user_edit`, `tgl_input`, `tgl_edit`) VALUES
	('C122023', 'C12', 1, NULL, 2023, 1, NULL, NULL, 'admin@admin.com', NULL, '2022-12-21 09:52:18', NULL),
	('C132023', 'C13', 1, NULL, 2023, 1, NULL, NULL, 'admin@admin.com', NULL, '2022-12-21 09:52:18', NULL),
	('C142023', 'C14', 1, NULL, 2023, 1, NULL, NULL, 'admin@admin.com', NULL, '2022-12-21 09:52:18', NULL),
	('C152023', 'C15', 1, NULL, 2023, 1, NULL, NULL, 'admin@admin.com', NULL, '2022-12-21 09:52:18', NULL),
	('C222023', 'C22', 1, NULL, 2023, 1, NULL, NULL, 'admin@admin.com', NULL, '2022-12-21 09:52:18', NULL),
	('C232023', 'C23', 1, NULL, 2023, 1, NULL, NULL, 'admin@admin.com', NULL, '2022-12-21 09:52:18', NULL),
	('C242023', 'C24', 1, NULL, 2023, 1, NULL, NULL, 'admin@admin.com', NULL, '2022-12-21 09:52:18', NULL),
	('C252023', 'C25', 1, NULL, 2023, 1, NULL, NULL, 'admin@admin.com', NULL, '2022-12-21 09:52:18', NULL),
	('C322023', 'C32', 1, NULL, 2023, 1, NULL, NULL, 'admin@admin.com', NULL, '2022-12-21 09:52:18', NULL),
	('C332023', 'C33', 1, NULL, 2023, 1, NULL, NULL, 'admin@admin.com', NULL, '2022-12-21 09:52:18', NULL),
	('C342023', 'C34', 1, NULL, 2023, 1, NULL, NULL, 'admin@admin.com', NULL, '2022-12-21 09:52:18', NULL),
	('C352023', 'C35', 1, NULL, 2023, 1, NULL, NULL, 'admin@admin.com', NULL, '2022-12-21 09:52:18', NULL),
	('C422023', 'C42', 1, NULL, 2023, 1, NULL, NULL, 'admin@admin.com', NULL, '2022-12-21 09:52:18', NULL),
	('C522023', 'C52', 1, NULL, 2023, 1, NULL, NULL, 'admin@admin.com', NULL, '2022-12-21 09:52:18', NULL),
	('C622023', 'C62', 1, NULL, 2023, 1, NULL, NULL, 'admin@admin.com', NULL, '2022-12-21 09:52:18', NULL),
	('F122023', 'F12', 1, NULL, 2023, 1, NULL, NULL, 'admin@admin.com', NULL, '2022-12-21 09:52:18', NULL),
	('F132023', 'F13', 1, NULL, 2023, 1, NULL, NULL, 'admin@admin.com', NULL, '2022-12-21 09:52:18', NULL),
	('F142023', 'F14', 1, NULL, 2023, 1, NULL, NULL, 'admin@admin.com', NULL, '2022-12-21 09:52:18', NULL),
	('F152023', 'F15', 1, NULL, 2023, 1, NULL, NULL, 'admin@admin.com', NULL, '2022-12-21 09:52:18', NULL),
	('F222023', 'F22', 1, NULL, 2023, 1, NULL, NULL, 'admin@admin.com', NULL, '2022-12-21 09:52:18', NULL),
	('F232023', 'F23', 1, NULL, 2023, 1, NULL, NULL, 'admin@admin.com', NULL, '2022-12-21 09:52:18', NULL),
	('F242023', 'F24', 1, NULL, 2023, 1, NULL, NULL, 'admin@admin.com', NULL, '2022-12-21 09:52:18', NULL),
	('F252023', 'F25', 1, NULL, 2023, 1, NULL, NULL, 'admin@admin.com', NULL, '2022-12-21 09:52:18', NULL),
	('F322023', 'F32', 1, NULL, 2023, 1, NULL, NULL, 'admin@admin.com', NULL, '2022-12-21 09:52:18', NULL),
	('F342023', 'F34', 1, NULL, 2023, 1, NULL, NULL, 'admin@admin.com', NULL, '2022-12-21 09:52:18', NULL),
	('F422023', 'F42', 1, NULL, 2023, 1, NULL, NULL, 'admin@admin.com', NULL, '2022-12-21 09:52:18', NULL),
	('F442023', 'F44', 1, NULL, 2023, 1, NULL, NULL, 'admin@admin.com', NULL, '2022-12-21 09:52:18', NULL),
	('F522023', 'F52', 1, NULL, 2023, 1, NULL, NULL, 'admin@admin.com', NULL, '2022-12-21 09:52:18', NULL),
	('F542023', 'F54', 1, NULL, 2023, 1, NULL, NULL, 'admin@admin.com', NULL, '2022-12-21 09:52:18', NULL),
	('F622023', 'F62', 1, NULL, 2023, 1, NULL, NULL, 'admin@admin.com', NULL, '2022-12-21 09:52:18', NULL),
	('F642023', 'F64', 1, NULL, 2023, 1, NULL, NULL, 'admin@admin.com', NULL, '2022-12-21 09:52:18', NULL),
	('F722023', 'F72', 1, NULL, 2023, 1, NULL, NULL, 'admin@admin.com', NULL, '2022-12-21 09:52:18', NULL),
	('F822023', 'F82', 1, NULL, 2023, 1, NULL, NULL, 'admin@admin.com', NULL, '2022-12-21 09:52:18', NULL),
	('F922023', 'F92', 1, NULL, 2023, 1, NULL, NULL, 'admin@admin.com', NULL, '2022-12-21 09:52:18', NULL),
	('H122023', 'H12', 1, NULL, 2023, 1, NULL, NULL, 'admin@admin.com', NULL, '2022-12-21 09:52:18', NULL),
	('H132023', 'H13', 1, NULL, 2023, 1, NULL, NULL, 'admin@admin.com', NULL, '2022-12-21 09:52:18', NULL),
	('H142023', 'H14', 1, NULL, 2023, 1, NULL, NULL, 'admin@admin.com', NULL, '2022-12-21 09:52:18', NULL),
	('H152023', 'H15', 1, NULL, 2023, 1, NULL, NULL, 'admin@admin.com', NULL, '2022-12-21 09:52:18', NULL),
	('H242023', 'H24', 1, NULL, 2023, 1, NULL, NULL, 'admin@admin.com', NULL, '2022-12-21 09:52:18', NULL),
	('P1022023', 'P102', 1, NULL, 2023, 1, NULL, NULL, 'admin@admin.com', NULL, '2022-12-21 09:52:18', NULL),
	('P1042023', 'P104', 1, NULL, 2023, 1, NULL, NULL, 'admin@admin.com', NULL, '2022-12-21 09:52:18', NULL),
	('P1122023', 'P112', 1, NULL, 2023, 1, NULL, NULL, 'admin@admin.com', NULL, '2022-12-21 09:52:18', NULL),
	('P122023', 'P12', 1, NULL, 2023, 1, NULL, NULL, 'admin@admin.com', NULL, '2022-12-21 09:52:18', NULL),
	('P1222023', 'P122', 1, NULL, 2023, 1, NULL, NULL, 'admin@admin.com', NULL, '2022-12-21 09:52:18', NULL),
	('P132023', 'P13', 1, NULL, 2023, 1, NULL, NULL, 'admin@admin.com', NULL, '2022-12-21 09:52:18', NULL),
	('P1322023', 'P132', 1, NULL, 2023, 1, NULL, NULL, 'admin@admin.com', NULL, '2022-12-21 09:52:18', NULL),
	('P142023', 'P14', 1, NULL, 2023, 1, NULL, NULL, 'admin@admin.com', NULL, '2022-12-21 09:52:18', NULL),
	('P1422023', 'P142', 1, NULL, 2023, 1, NULL, NULL, 'admin@admin.com', NULL, '2022-12-21 09:52:18', NULL),
	('P152023', 'P15', 1, NULL, 2023, 1, NULL, NULL, 'admin@admin.com', NULL, '2022-12-21 09:52:18', NULL),
	('P1522023', 'P152', 1, NULL, 2023, 1, NULL, NULL, 'admin@admin.com', NULL, '2022-12-21 09:52:18', NULL),
	('P222023', 'P22', 1, NULL, 2023, 1, NULL, NULL, 'admin@admin.com', NULL, '2022-12-21 09:52:18', NULL),
	('P232023', 'P23', 1, NULL, 2023, 1, NULL, NULL, 'admin@admin.com', NULL, '2022-12-21 09:52:18', NULL),
	('P242023', 'P24', 1, NULL, 2023, 1, NULL, NULL, 'admin@admin.com', NULL, '2022-12-21 09:52:18', NULL),
	('P252023', 'P25', 1, NULL, 2023, 1, NULL, NULL, 'admin@admin.com', NULL, '2022-12-21 09:52:18', NULL),
	('P322023', 'P32', 1, NULL, 2023, 1, NULL, NULL, 'admin@admin.com', NULL, '2022-12-21 09:52:18', NULL),
	('P332023', 'P33', 1, NULL, 2023, 1, NULL, NULL, 'admin@admin.com', NULL, '2022-12-21 09:52:18', NULL),
	('P342023', 'P34', 1, NULL, 2023, 1, NULL, NULL, 'admin@admin.com', NULL, '2022-12-21 09:52:18', NULL),
	('P352023', 'P35', 1, NULL, 2023, 1, NULL, NULL, 'admin@admin.com', NULL, '2022-12-21 09:52:18', NULL),
	('P422023', 'P42', 1, NULL, 2023, 1, NULL, NULL, 'admin@admin.com', NULL, '2022-12-21 09:52:18', NULL),
	('P442023', 'P44', 1, NULL, 2023, 1, NULL, NULL, 'admin@admin.com', NULL, '2022-12-21 09:52:18', NULL),
	('P522023', 'P52', 1, NULL, 2023, 1, NULL, NULL, 'admin@admin.com', NULL, '2022-12-21 09:52:18', NULL),
	('P542023', 'P54', 1, NULL, 2023, 1, NULL, NULL, 'admin@admin.com', NULL, '2022-12-21 09:52:18', NULL),
	('P622023', 'P62', 1, NULL, 2023, 1, NULL, NULL, 'admin@admin.com', NULL, '2022-12-21 09:52:18', NULL),
	('P642023', 'P64', 1, NULL, 2023, 1, NULL, NULL, 'admin@admin.com', NULL, '2022-12-21 09:52:18', NULL),
	('P722023', 'P72', 1, NULL, 2023, 1, NULL, NULL, 'admin@admin.com', NULL, '2022-12-21 09:52:18', NULL),
	('P742023', 'P74', 1, NULL, 2023, 1, NULL, NULL, 'admin@admin.com', NULL, '2022-12-21 09:52:18', NULL),
	('P822023', 'P82', 1, NULL, 2023, 1, NULL, NULL, 'admin@admin.com', NULL, '2022-12-21 09:52:18', NULL),
	('P842023', 'P84', 1, NULL, 2023, 1, NULL, NULL, 'admin@admin.com', NULL, '2022-12-21 09:52:18', NULL),
	('P922023', 'P92', 1, NULL, 2023, 1, NULL, NULL, 'admin@admin.com', NULL, '2022-12-21 09:52:18', NULL),
	('P942023', 'P94', 1, NULL, 2023, 1, NULL, NULL, 'admin@admin.com', NULL, '2022-12-21 09:52:18', NULL);
/*!40000 ALTER TABLE `business_driver_bobot` ENABLE KEYS */;

-- Dumping structure for table kpi_obai_baru.business_driver_result
CREATE TABLE IF NOT EXISTS `business_driver_result` (
  `kd_bdr` varchar(20) NOT NULL,
  `kd_bd` varchar(10) DEFAULT NULL,
  `kd_perspective` varchar(5) DEFAULT NULL,
  `bulan` tinyint(4) DEFAULT NULL,
  `tahun` int(11) DEFAULT NULL,
  `weightage` decimal(5,4) DEFAULT NULL,
  `score` double(5,4) DEFAULT NULL,
  `result` decimal(5,4) DEFAULT NULL,
  `point_result` decimal(5,2) DEFAULT NULL,
  `user_input` varchar(255) DEFAULT NULL,
  `user_edit` varchar(255) DEFAULT NULL,
  `tgl_input` datetime DEFAULT NULL,
  `tgl_edit` datetime DEFAULT NULL,
  PRIMARY KEY (`kd_bdr`),
  KEY `FK_business_driver_result_business_driver` (`kd_bd`),
  KEY `FK_business_driver_result_perspective` (`kd_perspective`),
  CONSTRAINT `FK_business_driver_result_business_driver` FOREIGN KEY (`kd_bd`) REFERENCES `business_driver` (`kd_bd`) ON DELETE SET NULL ON UPDATE CASCADE,
  CONSTRAINT `FK_business_driver_result_perspective` FOREIGN KEY (`kd_perspective`) REFERENCES `perspective` (`kd_perspective`) ON DELETE SET NULL ON UPDATE CASCADE
) ENGINE=InnoDB DEFAULT CHARSET=latin1;

-- Dumping data for table kpi_obai_baru.business_driver_result: ~0 rows (approximately)
DELETE FROM `business_driver_result`;
/*!40000 ALTER TABLE `business_driver_result` DISABLE KEYS */;
/*!40000 ALTER TABLE `business_driver_result` ENABLE KEYS */;

-- Dumping structure for table kpi_obai_baru.departemen
CREATE TABLE IF NOT EXISTS `departemen` (
  `kd_departemen` int(10) unsigned NOT NULL AUTO_INCREMENT,
  `nm_departemen` varchar(255) DEFAULT NULL,
  `kd_perusahaan` int(11) DEFAULT NULL,
  PRIMARY KEY (`kd_departemen`),
  KEY `FK_departemen_perusahaan` (`kd_perusahaan`),
  CONSTRAINT `FK_departemen_perusahaan` FOREIGN KEY (`kd_perusahaan`) REFERENCES `perusahaan` (`kd_perusahaan`) ON DELETE CASCADE ON UPDATE CASCADE
) ENGINE=InnoDB AUTO_INCREMENT=193 DEFAULT CHARSET=latin1;

-- Dumping data for table kpi_obai_baru.departemen: ~192 rows (approximately)
DELETE FROM `departemen`;
/*!40000 ALTER TABLE `departemen` DISABLE KEYS */;
INSERT INTO `departemen` (`kd_departemen`, `nm_departemen`, `kd_perusahaan`) VALUES
	(1, 'Finance', 3),
	(2, 'Sales', 3),
	(3, 'MR&QHSE', 3),
	(4, 'Coating Production', 3),
	(5, 'ROX Production', 3),
	(6, 'HR&GA', 3),
	(7, 'Titan Nusa Solusi', 3),
	(8, 'Titan Synergy', 3),
	(9, 'HR and Payroll', 3),
	(10, 'Technical Service', 3),
	(11, 'Management', 3),
	(12, 'Production', 3),
	(13, 'Manajemen', 3),
	(14, 'Dewan direksi', 3),
	(15, 'HRD', 3),
	(16, 'Legal & GA', 3),
	(17, 'Marketing & sales', 3),
	(18, 'Corporate and Legal Secretary', 3),
	(19, 'CEO', 3),
	(20, 'Technician', 3),
	(21, 'Business Development Manager', 3),
	(22, 'Advisor', 3),
	(23, 'Marketing Staff', 3),
	(24, 'Dewan komisaris', 3),
	(25, 'Finance', 1),
	(26, 'Sales', 1),
	(27, 'MR&QHSE', 1),
	(28, 'Coating Production', 1),
	(29, 'ROX Production', 1),
	(30, 'HR&GA', 1),
	(31, 'Titan Nusa Solusi', 1),
	(32, 'Titan Synergy', 1),
	(33, 'HR and Payroll', 1),
	(34, 'Technical Service', 1),
	(35, 'Management', 1),
	(36, 'Production', 1),
	(37, 'Manajemen', 1),
	(38, 'Dewan direksi', 1),
	(39, 'HRD', 1),
	(40, 'Legal & GA', 1),
	(41, 'Marketing & sales', 1),
	(42, 'Corporate and Legal Secretary', 1),
	(43, 'CEO', 1),
	(44, 'Technician', 1),
	(45, 'Business Development Manager', 1),
	(46, 'Advisor', 1),
	(47, 'Marketing Staff', 1),
	(48, 'Dewan komisaris', 1),
	(49, 'Finance', 2),
	(50, 'Sales', 2),
	(51, 'MR&QHSE', 2),
	(52, 'Coating Production', 2),
	(53, 'ROX Production', 2),
	(54, 'HR&GA', 2),
	(55, 'Titan Nusa Solusi', 2),
	(56, 'Titan Synergy', 2),
	(57, 'HR and Payroll', 2),
	(58, 'Technical Service', 2),
	(59, 'Management', 2),
	(60, 'Production', 2),
	(61, 'Manajemen', 2),
	(62, 'Dewan direksi', 2),
	(63, 'HRD', 2),
	(64, 'Legal & GA', 2),
	(65, 'Marketing & sales', 2),
	(66, 'Corporate and Legal Secretary', 2),
	(67, 'CEO', 2),
	(68, 'Technician', 2),
	(69, 'Business Development Manager', 2),
	(70, 'Advisor', 2),
	(71, 'Marketing Staff', 2),
	(72, 'Dewan komisaris', 2),
	(73, 'Finance', 4),
	(74, 'Sales', 4),
	(75, 'MR&QHSE', 4),
	(76, 'Coating Production', 4),
	(77, 'ROX Production', 4),
	(78, 'HR&GA', 4),
	(79, 'Titan Nusa Solusi', 4),
	(80, 'Titan Synergy', 4),
	(81, 'HR and Payroll', 4),
	(82, 'Technical Service', 4),
	(83, 'Management', 4),
	(84, 'Production', 4),
	(85, 'Manajemen', 4),
	(86, 'Dewan direksi', 4),
	(87, 'HRD', 4),
	(88, 'Legal & GA', 4),
	(89, 'Marketing & sales', 4),
	(90, 'Corporate and Legal Secretary', 4),
	(91, 'CEO', 4),
	(92, 'Technician', 4),
	(93, 'Business Development Manager', 4),
	(94, 'Advisor', 4),
	(95, 'Marketing Staff', 4),
	(96, 'Dewan komisaris', 4),
	(97, 'Finance', 5),
	(98, 'Sales', 5),
	(99, 'MR&QHSE', 5),
	(100, 'Coating Production', 5),
	(101, 'ROX Production', 5),
	(102, 'HR&GA', 5),
	(103, 'Titan Nusa Solusi', 5),
	(104, 'Titan Synergy', 5),
	(105, 'HR and Payroll', 5),
	(106, 'Technical Service', 5),
	(107, 'Management', 5),
	(108, 'Production', 5),
	(109, 'Manajemen', 5),
	(110, 'Dewan direksi', 5),
	(111, 'HRD', 5),
	(112, 'Legal & GA', 5),
	(113, 'Marketing & sales', 5),
	(114, 'Corporate and Legal Secretary', 5),
	(115, 'CEO', 5),
	(116, 'Technician', 5),
	(117, 'Business Development Manager', 5),
	(118, 'Advisor', 5),
	(119, 'Marketing Staff', 5),
	(120, 'Dewan komisaris', 5),
	(121, 'Finance', 6),
	(122, 'Sales', 6),
	(123, 'MR&QHSE', 6),
	(124, 'Coating Production', 6),
	(125, 'ROX Production', 6),
	(126, 'HR&GA', 6),
	(127, 'Titan Nusa Solusi', 6),
	(128, 'Titan Synergy', 6),
	(129, 'HR and Payroll', 6),
	(130, 'Technical Service', 6),
	(131, 'Management', 6),
	(132, 'Production', 6),
	(133, 'Manajemen', 6),
	(134, 'Dewan direksi', 6),
	(135, 'HRD', 6),
	(136, 'Legal & GA', 6),
	(137, 'Marketing & sales', 6),
	(138, 'Corporate and Legal Secretary', 6),
	(139, 'CEO', 6),
	(140, 'Technician', 6),
	(141, 'Business Development Manager', 6),
	(142, 'Advisor', 6),
	(143, 'Marketing Staff', 6),
	(144, 'Dewan komisaris', 6),
	(145, 'Finance', 7),
	(146, 'Sales', 7),
	(147, 'MR&QHSE', 7),
	(148, 'Coating Production', 7),
	(149, 'ROX Production', 7),
	(150, 'HR&GA', 7),
	(151, 'Titan Nusa Solusi', 7),
	(152, 'Titan Synergy', 7),
	(153, 'HR and Payroll', 7),
	(154, 'Technical Service', 7),
	(155, 'Management', 7),
	(156, 'Production', 7),
	(157, 'Manajemen', 7),
	(158, 'Dewan direksi', 7),
	(159, 'HRD', 7),
	(160, 'Legal & GA', 7),
	(161, 'Marketing & sales', 7),
	(162, 'Corporate and Legal Secretary', 7),
	(163, 'CEO', 7),
	(164, 'Technician', 7),
	(165, 'Business Development Manager', 7),
	(166, 'Advisor', 7),
	(167, 'Marketing Staff', 7),
	(168, 'Dewan komisaris', 7),
	(169, 'Finance', 8),
	(170, 'Sales', 8),
	(171, 'MR&QHSE', 8),
	(172, 'Coating Production', 8),
	(173, 'ROX Production', 8),
	(174, 'HR&GA', 8),
	(175, 'Titan Nusa Solusi', 8),
	(176, 'Titan Synergy', 8),
	(177, 'HR and Payroll', 8),
	(178, 'Technical Service', 8),
	(179, 'Management', 8),
	(180, 'Production', 8),
	(181, 'Manajemen', 8),
	(182, 'Dewan direksi', 8),
	(183, 'HRD', 8),
	(184, 'Legal & GA', 8),
	(185, 'Marketing & sales', 8),
	(186, 'Corporate and Legal Secretary', 8),
	(187, 'CEO', 8),
	(188, 'Technician', 8),
	(189, 'Business Development Manager', 8),
	(190, 'Advisor', 8),
	(191, 'Marketing Staff', 8),
	(192, 'Dewan komisaris', 8);
/*!40000 ALTER TABLE `departemen` ENABLE KEYS */;

-- Dumping structure for table kpi_obai_baru.departemen_kpi
CREATE TABLE IF NOT EXISTS `departemen_kpi` (
  `kd_dk` varchar(40) NOT NULL,
  `kd_measurement` varchar(10) DEFAULT NULL,
  `kd_departemen` int(10) unsigned DEFAULT NULL,
  `weightage_bd` int(11) DEFAULT NULL,
  `weightage_bd_persen` decimal(5,2) DEFAULT NULL,
  `weightage_kpi` int(11) DEFAULT NULL,
  `weightage_kpi_persen` decimal(5,2) DEFAULT NULL,
  `tahun` int(11) DEFAULT NULL,
  `status` tinyint(4) DEFAULT 0 COMMENT '0=proses, 1 = approve, 2=tolak',
  `approved_by` varchar(255) DEFAULT NULL,
  `nip_approver` varchar(10) DEFAULT NULL,
  `user_input` varchar(255) DEFAULT NULL,
  `user_edit` varchar(255) DEFAULT NULL,
  `tgl_input` datetime DEFAULT NULL,
  `tgl_edit` datetime DEFAULT NULL,
  PRIMARY KEY (`kd_dk`),
  KEY `FK_departemen_kpi_measurement` (`kd_measurement`),
  KEY `FK_departemen_kpi_departemen` (`kd_departemen`),
  CONSTRAINT `FK_departemen_kpi_departemen` FOREIGN KEY (`kd_departemen`) REFERENCES `departemen` (`kd_departemen`) ON DELETE SET NULL ON UPDATE CASCADE,
  CONSTRAINT `FK_departemen_kpi_measurement` FOREIGN KEY (`kd_measurement`) REFERENCES `measurement` (`kd_measurement`) ON DELETE SET NULL ON UPDATE CASCADE
) ENGINE=InnoDB DEFAULT CHARSET=latin1;

-- Dumping data for table kpi_obai_baru.departemen_kpi: ~0 rows (approximately)
DELETE FROM `departemen_kpi`;
/*!40000 ALTER TABLE `departemen_kpi` DISABLE KEYS */;
/*!40000 ALTER TABLE `departemen_kpi` ENABLE KEYS */;

-- Dumping structure for table kpi_obai_baru.departemen_result
CREATE TABLE IF NOT EXISTS `departemen_result` (
  `kd_dr` varchar(25) NOT NULL,
  `bulan` int(11) NOT NULL,
  `tahun` int(11) NOT NULL,
  `kd_departemen` int(11) unsigned DEFAULT NULL,
  `kd_measurement` varchar(10) DEFAULT NULL,
  `weightage_bd` decimal(5,4) DEFAULT NULL,
  `weightage_kpi` decimal(5,4) DEFAULT NULL,
  `target` decimal(20,2) DEFAULT NULL,
  `target_peg` decimal(20,2) DEFAULT NULL COMMENT 'target dr data pegawai',
  `score_bd` double(5,4) DEFAULT NULL,
  `score_kpi` double(5,4) DEFAULT NULL,
  `actual` double(20,2) DEFAULT NULL,
  `result` double(5,4) DEFAULT NULL,
  `resultvsbobot` double(5,4) DEFAULT NULL,
  `point_result` double(5,2) DEFAULT NULL,
  `type` varchar(5) DEFAULT '0',
  `unit` varchar(5) DEFAULT '0',
  `period` varchar(5) DEFAULT '0',
  `aggregation` varchar(5) DEFAULT NULL COMMENT 'avg, sum',
  PRIMARY KEY (`kd_dr`),
  KEY `FK_departemen_result_departemen` (`kd_departemen`),
  KEY `FK_departemen_result_measurement` (`kd_measurement`),
  CONSTRAINT `FK_departemen_result_departemen` FOREIGN KEY (`kd_departemen`) REFERENCES `departemen` (`kd_departemen`) ON DELETE SET NULL ON UPDATE CASCADE,
  CONSTRAINT `FK_departemen_result_measurement` FOREIGN KEY (`kd_measurement`) REFERENCES `measurement` (`kd_measurement`) ON DELETE SET NULL ON UPDATE CASCADE
) ENGINE=InnoDB DEFAULT CHARSET=latin1;

-- Dumping data for table kpi_obai_baru.departemen_result: ~0 rows (approximately)
DELETE FROM `departemen_result`;
/*!40000 ALTER TABLE `departemen_result` DISABLE KEYS */;
/*!40000 ALTER TABLE `departemen_result` ENABLE KEYS */;

-- Dumping structure for table kpi_obai_baru.groups
CREATE TABLE IF NOT EXISTS `groups` (
  `id` mediumint(8) unsigned NOT NULL AUTO_INCREMENT,
  `name` varchar(20) NOT NULL,
  `description` varchar(100) NOT NULL,
  PRIMARY KEY (`id`)
) ENGINE=InnoDB AUTO_INCREMENT=9 DEFAULT CHARSET=utf8;

-- Dumping data for table kpi_obai_baru.groups: ~5 rows (approximately)
DELETE FROM `groups`;
/*!40000 ALTER TABLE `groups` DISABLE KEYS */;
INSERT INTO `groups` (`id`, `name`, `description`) VALUES
	(1, 'admin', 'Administrator'),
	(4, 'Supervisor', 'akses untuk supervisor'),
	(5, 'Manager', 'Akses untuk manager'),
	(6, 'Direktur', 'Akses untuk direktur'),
	(7, 'HR', 'akses untuk HRD');
/*!40000 ALTER TABLE `groups` ENABLE KEYS */;

-- Dumping structure for table kpi_obai_baru.jabatan
CREATE TABLE IF NOT EXISTS `jabatan` (
  `kd_jabatan` int(10) unsigned NOT NULL AUTO_INCREMENT,
  `kd_level` int(10) DEFAULT NULL,
  `nm_jabatan` varchar(255) DEFAULT NULL,
  `kd_perusahaan` int(11) DEFAULT NULL,
  PRIMARY KEY (`kd_jabatan`),
  KEY `FK_jabatan_level` (`kd_level`),
  KEY `FK_jabatan_perusahaan` (`kd_perusahaan`),
  CONSTRAINT `FK_jabatan_level` FOREIGN KEY (`kd_level`) REFERENCES `level` (`kd_level`) ON DELETE CASCADE ON UPDATE CASCADE,
  CONSTRAINT `FK_jabatan_perusahaan` FOREIGN KEY (`kd_perusahaan`) REFERENCES `perusahaan` (`kd_perusahaan`) ON DELETE CASCADE ON UPDATE CASCADE
) ENGINE=InnoDB AUTO_INCREMENT=881 DEFAULT CHARSET=latin1;

-- Dumping data for table kpi_obai_baru.jabatan: ~880 rows (approximately)
DELETE FROM `jabatan`;
/*!40000 ALTER TABLE `jabatan` DISABLE KEYS */;
INSERT INTO `jabatan` (`kd_jabatan`, `kd_level`, `nm_jabatan`, `kd_perusahaan`) VALUES
	(1, 9, 'Director', 3),
	(2, 6, 'Production Supervisor', 3),
	(3, 1, 'Sales Admin', 3),
	(4, 1, 'Finance Staff', 3),
	(5, 8, 'Finance Manager', 3),
	(6, 8, 'Production Manager', 3),
	(7, 1, 'SALES ENGINEER', 3),
	(8, 2, 'Senior Sales Engineer', 3),
	(9, 1, 'Admin Sales', 3),
	(10, 1, 'Application Engineer', 3),
	(11, 1, 'Delivery', 3),
	(12, 1, 'Delivery Driver', 3),
	(13, 7, 'Division Head', 3),
	(14, 1, 'Driver', 3),
	(15, 6, 'Engineer Supervisor', 3),
	(16, 1, 'Marketing Online', 3),
	(17, 3, 'Operator CNC', 3),
	(18, 3, 'Operator Manual', 3),
	(19, 1, 'PPIC Staff', 3),
	(20, 6, 'PPIC Supervisor', 3),
	(21, 8, 'Product & Business Development Manager', 3),
	(22, 1, 'Production Costing', 3),
	(23, 4, 'Production Leader 1', 3),
	(24, 4, 'Production Leader 2', 3),
	(25, 1, 'Purchasing', 3),
	(26, 1, 'QC Admin', 3),
	(27, 1, 'QC Staff', 3),
	(28, 6, 'QC Supervisor', 3),
	(29, 2, 'Senior Production Engineering & Technician', 3),
	(30, 7, 'Head Administration', 3),
	(31, 1, 'Sales Representative', 3),
	(32, 1, 'Technician', 3),
	(33, 1, 'Workshop Head', 3),
	(34, 1, 'Admin BC', 3),
	(35, 1, 'Admin Delivery', 3),
	(36, 1, 'Admin Warehouse', 3),
	(37, 3, 'Calibration Operator', 3),
	(38, 3, 'Data Operator', 3),
	(39, 1, 'Electrical Engineering', 3),
	(40, 1, 'General Affair', 3),
	(41, 7, 'Head of Branch', 3),
	(42, 1, 'Internal Sales', 3),
	(43, 1, 'Mechanical Engineering', 3),
	(44, 1, 'Product Delivery', 3),
	(45, 1, 'Production Planning Control', 3),
	(46, 1, 'Quality Control', 3),
	(47, 1, 'Quality Management', 3),
	(48, 1, 'Quality Staff', 3),
	(49, 8, 'Technical Service Manager', 3),
	(50, 8, 'Business Development Manager', 3),
	(51, 1, 'Junior Digital Marketing Specialist', 3),
	(52, 1, 'Mekanik', 3),
	(53, 1, 'Accounting Staff', 3),
	(54, 1, 'Admin Staff', 3),
	(55, 1, 'Associate for HR Specialist', 3),
	(56, 9, 'CFO', 3),
	(57, 1, 'Content Creator', 3),
	(58, 9, 'CTO', 3),
	(59, 8, 'Finance & Acc. Manager', 3),
	(60, 1, 'IT Solution and Implementation', 3),
	(61, 1, 'Maintenance', 3),
	(62, 1, 'Marketing Advisor', 3),
	(63, 1, 'Project Operation Staff', 3),
	(64, 1, 'Purchasing Admin', 3),
	(65, 1, 'Reporting Management', 3),
	(66, 6, 'Supervisor Accounting & Tax Officer', 3),
	(67, 1, 'System Administrator', 3),
	(68, 1, 'Tax Consultant', 3),
	(69, 1, 'Admin Invoicing Staff', 3),
	(70, 5, 'AR Officer', 3),
	(71, 1, 'Collector', 3),
	(72, 1, 'Customer Service Admin Support', 3),
	(73, 1, 'Customer Service Delivery Support', 3),
	(74, 4, 'Customer Service Delivery Support Leader', 3),
	(75, 5, 'Customer Service Officer', 3),
	(76, 1, 'DC&QHSE Staff', 3),
	(77, 3, 'Delivery Operator', 3),
	(78, 1, 'Driver Operasional', 3),
	(79, 1, 'Finance / AP Staff', 3),
	(80, 3, 'Forming Tool Production Operator', 3),
	(81, 6, 'Forming Tool Supervisor & Material Specialist', 3),
	(82, 8, 'HR & GA Manager', 3),
	(83, 6, 'Maintenance Supervisor', 3),
	(84, 8, 'MR & QHSE MANAGER', 3),
	(85, 3, 'PAFT Operator', 3),
	(86, 6, 'PPIC Senior Supervisor', 3),
	(87, 9, 'PRESIDENT DIRECTOR', 3),
	(88, 1, 'PRODUCTION ADMIN', 3),
	(89, 8, 'Production Assistant Manager', 3),
	(90, 4, 'Production Leader', 3),
	(91, 3, 'Production Operator', 3),
	(92, 5, 'Purchasing Officer', 3),
	(93, 1, 'Purchasing Staff', 3),
	(94, 1, 'QA Inspector', 3),
	(95, 1, 'QC Incoming', 3),
	(96, 1, 'QC Outgoing', 3),
	(97, 4, 'ROX Leader', 3),
	(98, 3, 'ROX Operator', 3),
	(99, 8, 'ROX Production Manager & Application Support', 3),
	(100, 6, 'ROX Supervisor', 3),
	(101, 1, 'Service Technician', 3),
	(102, 1, 'Sr. QA Staff', 3),
	(103, 1, 'Tax Staff', 3),
	(104, 1, 'Corporate and Legal Secretary', 3),
	(105, 9, 'CEO', 3),
	(106, 10, 'Advisor', 3),
	(107, 1, 'Marketing Staff', 3),
	(108, 7, 'Head of Administration', 3),
	(109, 1, 'Sales Engineering', 3),
	(110, 1, 'Sales', 3),
	(111, 19, 'Director', 1),
	(112, 16, 'Production Supervisor', 1),
	(113, 11, 'Sales Admin', 1),
	(114, 11, 'Finance Staff', 1),
	(115, 18, 'Finance Manager', 1),
	(116, 18, 'Production Manager', 1),
	(117, 11, 'SALES ENGINEER', 1),
	(118, 12, 'Senior Sales Engineer', 1),
	(119, 11, 'Admin Sales', 1),
	(120, 11, 'Application Engineer', 1),
	(121, 11, 'Delivery', 1),
	(122, 11, 'Delivery Driver', 1),
	(123, 17, 'Division Head', 1),
	(124, 11, 'Driver', 1),
	(125, 16, 'Engineer Supervisor', 1),
	(126, 11, 'Marketing Online', 1),
	(127, 13, 'Operator CNC', 1),
	(128, 13, 'Operator Manual', 1),
	(129, 11, 'PPIC Staff', 1),
	(130, 16, 'PPIC Supervisor', 1),
	(131, 18, 'Product & Business Development Manager', 1),
	(132, 11, 'Production Costing', 1),
	(133, 14, 'Production Leader 1', 1),
	(134, 14, 'Production Leader 2', 1),
	(135, 11, 'Purchasing', 1),
	(136, 11, 'QC Admin', 1),
	(137, 11, 'QC Staff', 1),
	(138, 16, 'QC Supervisor', 1),
	(139, 12, 'Senior Production Engineering & Technician', 1),
	(140, 17, 'Head Administration', 1),
	(141, 11, 'Sales Representative', 1),
	(142, 11, 'Technician', 1),
	(143, 11, 'Workshop Head', 1),
	(144, 11, 'Admin BC', 1),
	(145, 11, 'Admin Delivery', 1),
	(146, 11, 'Admin Warehouse', 1),
	(147, 13, 'Calibration Operator', 1),
	(148, 13, 'Data Operator', 1),
	(149, 11, 'Electrical Engineering', 1),
	(150, 11, 'General Affair', 1),
	(151, 17, 'Head of Branch', 1),
	(152, 11, 'Internal Sales', 1),
	(153, 11, 'Mechanical Engineering', 1),
	(154, 11, 'Product Delivery', 1),
	(155, 11, 'Production Planning Control', 1),
	(156, 11, 'Quality Control', 1),
	(157, 11, 'Quality Management', 1),
	(158, 11, 'Quality Staff', 1),
	(159, 18, 'Technical Service Manager', 1),
	(160, 18, 'Business Development Manager', 1),
	(161, 11, 'Junior Digital Marketing Specialist', 1),
	(162, 11, 'Mekanik', 1),
	(163, 11, 'Accounting Staff', 1),
	(164, 11, 'Admin Staff', 1),
	(165, 11, 'Associate for HR Specialist', 1),
	(166, 19, 'CFO', 1),
	(167, 11, 'Content Creator', 1),
	(168, 19, 'CTO', 1),
	(169, 18, 'Finance & Acc. Manager', 1),
	(170, 11, 'IT Solution and Implementation', 1),
	(171, 11, 'Maintenance', 1),
	(172, 11, 'Marketing Advisor', 1),
	(173, 11, 'Project Operation Staff', 1),
	(174, 11, 'Purchasing Admin', 1),
	(175, 11, 'Reporting Management', 1),
	(176, 16, 'Supervisor Accounting & Tax Officer', 1),
	(177, 11, 'System Administrator', 1),
	(178, 11, 'Tax Consultant', 1),
	(179, 11, 'Admin Invoicing Staff', 1),
	(180, 15, 'AR Officer', 1),
	(181, 11, 'Collector', 1),
	(182, 11, 'Customer Service Admin Support', 1),
	(183, 11, 'Customer Service Delivery Support', 1),
	(184, 14, 'Customer Service Delivery Support Leader', 1),
	(185, 15, 'Customer Service Officer', 1),
	(186, 11, 'DC&QHSE Staff', 1),
	(187, 13, 'Delivery Operator', 1),
	(188, 11, 'Driver Operasional', 1),
	(189, 11, 'Finance / AP Staff', 1),
	(190, 13, 'Forming Tool Production Operator', 1),
	(191, 16, 'Forming Tool Supervisor & Material Specialist', 1),
	(192, 18, 'HR & GA Manager', 1),
	(193, 16, 'Maintenance Supervisor', 1),
	(194, 18, 'MR & QHSE MANAGER', 1),
	(195, 13, 'PAFT Operator', 1),
	(196, 16, 'PPIC Senior Supervisor', 1),
	(197, 19, 'PRESIDENT DIRECTOR', 1),
	(198, 11, 'PRODUCTION ADMIN', 1),
	(199, 18, 'Production Assistant Manager', 1),
	(200, 14, 'Production Leader', 1),
	(201, 13, 'Production Operator', 1),
	(202, 15, 'Purchasing Officer', 1),
	(203, 11, 'Purchasing Staff', 1),
	(204, 11, 'QA Inspector', 1),
	(205, 11, 'QC Incoming', 1),
	(206, 11, 'QC Outgoing', 1),
	(207, 14, 'ROX Leader', 1),
	(208, 13, 'ROX Operator', 1),
	(209, 18, 'ROX Production Manager & Application Support', 1),
	(210, 16, 'ROX Supervisor', 1),
	(211, 11, 'Service Technician', 1),
	(212, 11, 'Sr. QA Staff', 1),
	(213, 11, 'Tax Staff', 1),
	(214, 11, 'Corporate and Legal Secretary', 1),
	(215, 19, 'CEO', 1),
	(216, 20, 'Advisor', 1),
	(217, 11, 'Marketing Staff', 1),
	(218, 17, 'Head of Administration', 1),
	(219, 11, 'Sales Engineering', 1),
	(220, 11, 'Sales', 1),
	(221, 29, 'Director', 2),
	(222, 26, 'Production Supervisor', 2),
	(223, 21, 'Sales Admin', 2),
	(224, 21, 'Finance Staff', 2),
	(225, 28, 'Finance Manager', 2),
	(226, 28, 'Production Manager', 2),
	(227, 21, 'SALES ENGINEER', 2),
	(228, 22, 'Senior Sales Engineer', 2),
	(229, 21, 'Admin Sales', 2),
	(230, 21, 'Application Engineer', 2),
	(231, 21, 'Delivery', 2),
	(232, 21, 'Delivery Driver', 2),
	(233, 27, 'Division Head', 2),
	(234, 21, 'Driver', 2),
	(235, 26, 'Engineer Supervisor', 2),
	(236, 21, 'Marketing Online', 2),
	(237, 23, 'Operator CNC', 2),
	(238, 23, 'Operator Manual', 2),
	(239, 21, 'PPIC Staff', 2),
	(240, 26, 'PPIC Supervisor', 2),
	(241, 28, 'Product & Business Development Manager', 2),
	(242, 21, 'Production Costing', 2),
	(243, 24, 'Production Leader 1', 2),
	(244, 24, 'Production Leader 2', 2),
	(245, 21, 'Purchasing', 2),
	(246, 21, 'QC Admin', 2),
	(247, 21, 'QC Staff', 2),
	(248, 26, 'QC Supervisor', 2),
	(249, 22, 'Senior Production Engineering & Technician', 2),
	(250, 27, 'Head Administration', 2),
	(251, 21, 'Sales Representative', 2),
	(252, 21, 'Technician', 2),
	(253, 21, 'Workshop Head', 2),
	(254, 21, 'Admin BC', 2),
	(255, 21, 'Admin Delivery', 2),
	(256, 21, 'Admin Warehouse', 2),
	(257, 23, 'Calibration Operator', 2),
	(258, 23, 'Data Operator', 2),
	(259, 21, 'Electrical Engineering', 2),
	(260, 21, 'General Affair', 2),
	(261, 27, 'Head of Branch', 2),
	(262, 21, 'Internal Sales', 2),
	(263, 21, 'Mechanical Engineering', 2),
	(264, 21, 'Product Delivery', 2),
	(265, 21, 'Production Planning Control', 2),
	(266, 21, 'Quality Control', 2),
	(267, 21, 'Quality Management', 2),
	(268, 21, 'Quality Staff', 2),
	(269, 28, 'Technical Service Manager', 2),
	(270, 28, 'Business Development Manager', 2),
	(271, 21, 'Junior Digital Marketing Specialist', 2),
	(272, 21, 'Mekanik', 2),
	(273, 21, 'Accounting Staff', 2),
	(274, 21, 'Admin Staff', 2),
	(275, 21, 'Associate for HR Specialist', 2),
	(276, 29, 'CFO', 2),
	(277, 21, 'Content Creator', 2),
	(278, 29, 'CTO', 2),
	(279, 28, 'Finance & Acc. Manager', 2),
	(280, 21, 'IT Solution and Implementation', 2),
	(281, 21, 'Maintenance', 2),
	(282, 21, 'Marketing Advisor', 2),
	(283, 21, 'Project Operation Staff', 2),
	(284, 21, 'Purchasing Admin', 2),
	(285, 21, 'Reporting Management', 2),
	(286, 26, 'Supervisor Accounting & Tax Officer', 2),
	(287, 21, 'System Administrator', 2),
	(288, 21, 'Tax Consultant', 2),
	(289, 21, 'Admin Invoicing Staff', 2),
	(290, 25, 'AR Officer', 2),
	(291, 21, 'Collector', 2),
	(292, 21, 'Customer Service Admin Support', 2),
	(293, 21, 'Customer Service Delivery Support', 2),
	(294, 24, 'Customer Service Delivery Support Leader', 2),
	(295, 25, 'Customer Service Officer', 2),
	(296, 21, 'DC&QHSE Staff', 2),
	(297, 23, 'Delivery Operator', 2),
	(298, 21, 'Driver Operasional', 2),
	(299, 21, 'Finance / AP Staff', 2),
	(300, 23, 'Forming Tool Production Operator', 2),
	(301, 26, 'Forming Tool Supervisor & Material Specialist', 2),
	(302, 28, 'HR & GA Manager', 2),
	(303, 26, 'Maintenance Supervisor', 2),
	(304, 28, 'MR & QHSE MANAGER', 2),
	(305, 23, 'PAFT Operator', 2),
	(306, 26, 'PPIC Senior Supervisor', 2),
	(307, 29, 'PRESIDENT DIRECTOR', 2),
	(308, 21, 'PRODUCTION ADMIN', 2),
	(309, 28, 'Production Assistant Manager', 2),
	(310, 24, 'Production Leader', 2),
	(311, 23, 'Production Operator', 2),
	(312, 25, 'Purchasing Officer', 2),
	(313, 21, 'Purchasing Staff', 2),
	(314, 21, 'QA Inspector', 2),
	(315, 21, 'QC Incoming', 2),
	(316, 21, 'QC Outgoing', 2),
	(317, 24, 'ROX Leader', 2),
	(318, 23, 'ROX Operator', 2),
	(319, 28, 'ROX Production Manager & Application Support', 2),
	(320, 26, 'ROX Supervisor', 2),
	(321, 21, 'Service Technician', 2),
	(322, 21, 'Sr. QA Staff', 2),
	(323, 21, 'Tax Staff', 2),
	(324, 21, 'Corporate and Legal Secretary', 2),
	(325, 29, 'CEO', 2),
	(326, 30, 'Advisor', 2),
	(327, 21, 'Marketing Staff', 2),
	(328, 27, 'Head of Administration', 2),
	(329, 21, 'Sales Engineering', 2),
	(330, 21, 'Sales', 2),
	(331, 39, 'Director', 4),
	(332, 36, 'Production Supervisor', 4),
	(333, 31, 'Sales Admin', 4),
	(334, 31, 'Finance Staff', 4),
	(335, 38, 'Finance Manager', 4),
	(336, 38, 'Production Manager', 4),
	(337, 31, 'SALES ENGINEER', 4),
	(338, 32, 'Senior Sales Engineer', 4),
	(339, 31, 'Admin Sales', 4),
	(340, 31, 'Application Engineer', 4),
	(341, 31, 'Delivery', 4),
	(342, 31, 'Delivery Driver', 4),
	(343, 37, 'Division Head', 4),
	(344, 31, 'Driver', 4),
	(345, 36, 'Engineer Supervisor', 4),
	(346, 31, 'Marketing Online', 4),
	(347, 33, 'Operator CNC', 4),
	(348, 33, 'Operator Manual', 4),
	(349, 31, 'PPIC Staff', 4),
	(350, 36, 'PPIC Supervisor', 4),
	(351, 38, 'Product & Business Development Manager', 4),
	(352, 31, 'Production Costing', 4),
	(353, 34, 'Production Leader 1', 4),
	(354, 34, 'Production Leader 2', 4),
	(355, 31, 'Purchasing', 4),
	(356, 31, 'QC Admin', 4),
	(357, 31, 'QC Staff', 4),
	(358, 36, 'QC Supervisor', 4),
	(359, 32, 'Senior Production Engineering & Technician', 4),
	(360, 37, 'Head Administration', 4),
	(361, 31, 'Sales Representative', 4),
	(362, 31, 'Technician', 4),
	(363, 31, 'Workshop Head', 4),
	(364, 31, 'Admin BC', 4),
	(365, 31, 'Admin Delivery', 4),
	(366, 31, 'Admin Warehouse', 4),
	(367, 33, 'Calibration Operator', 4),
	(368, 33, 'Data Operator', 4),
	(369, 31, 'Electrical Engineering', 4),
	(370, 31, 'General Affair', 4),
	(371, 37, 'Head of Branch', 4),
	(372, 31, 'Internal Sales', 4),
	(373, 31, 'Mechanical Engineering', 4),
	(374, 31, 'Product Delivery', 4),
	(375, 31, 'Production Planning Control', 4),
	(376, 31, 'Quality Control', 4),
	(377, 31, 'Quality Management', 4),
	(378, 31, 'Quality Staff', 4),
	(379, 38, 'Technical Service Manager', 4),
	(380, 38, 'Business Development Manager', 4),
	(381, 31, 'Junior Digital Marketing Specialist', 4),
	(382, 31, 'Mekanik', 4),
	(383, 31, 'Accounting Staff', 4),
	(384, 31, 'Admin Staff', 4),
	(385, 31, 'Associate for HR Specialist', 4),
	(386, 39, 'CFO', 4),
	(387, 31, 'Content Creator', 4),
	(388, 39, 'CTO', 4),
	(389, 38, 'Finance & Acc. Manager', 4),
	(390, 31, 'IT Solution and Implementation', 4),
	(391, 31, 'Maintenance', 4),
	(392, 31, 'Marketing Advisor', 4),
	(393, 31, 'Project Operation Staff', 4),
	(394, 31, 'Purchasing Admin', 4),
	(395, 31, 'Reporting Management', 4),
	(396, 36, 'Supervisor Accounting & Tax Officer', 4),
	(397, 31, 'System Administrator', 4),
	(398, 31, 'Tax Consultant', 4),
	(399, 31, 'Admin Invoicing Staff', 4),
	(400, 35, 'AR Officer', 4),
	(401, 31, 'Collector', 4),
	(402, 31, 'Customer Service Admin Support', 4),
	(403, 31, 'Customer Service Delivery Support', 4),
	(404, 34, 'Customer Service Delivery Support Leader', 4),
	(405, 35, 'Customer Service Officer', 4),
	(406, 31, 'DC&QHSE Staff', 4),
	(407, 33, 'Delivery Operator', 4),
	(408, 31, 'Driver Operasional', 4),
	(409, 31, 'Finance / AP Staff', 4),
	(410, 33, 'Forming Tool Production Operator', 4),
	(411, 36, 'Forming Tool Supervisor & Material Specialist', 4),
	(412, 38, 'HR & GA Manager', 4),
	(413, 36, 'Maintenance Supervisor', 4),
	(414, 38, 'MR & QHSE MANAGER', 4),
	(415, 33, 'PAFT Operator', 4),
	(416, 36, 'PPIC Senior Supervisor', 4),
	(417, 39, 'PRESIDENT DIRECTOR', 4),
	(418, 31, 'PRODUCTION ADMIN', 4),
	(419, 38, 'Production Assistant Manager', 4),
	(420, 34, 'Production Leader', 4),
	(421, 33, 'Production Operator', 4),
	(422, 35, 'Purchasing Officer', 4),
	(423, 31, 'Purchasing Staff', 4),
	(424, 31, 'QA Inspector', 4),
	(425, 31, 'QC Incoming', 4),
	(426, 31, 'QC Outgoing', 4),
	(427, 34, 'ROX Leader', 4),
	(428, 33, 'ROX Operator', 4),
	(429, 38, 'ROX Production Manager & Application Support', 4),
	(430, 36, 'ROX Supervisor', 4),
	(431, 31, 'Service Technician', 4),
	(432, 31, 'Sr. QA Staff', 4),
	(433, 31, 'Tax Staff', 4),
	(434, 31, 'Corporate and Legal Secretary', 4),
	(435, 39, 'CEO', 4),
	(436, 40, 'Advisor', 4),
	(437, 31, 'Marketing Staff', 4),
	(438, 37, 'Head of Administration', 4),
	(439, 31, 'Sales Engineering', 4),
	(440, 31, 'Sales', 4),
	(441, 49, 'Director', 5),
	(442, 46, 'Production Supervisor', 5),
	(443, 41, 'Sales Admin', 5),
	(444, 41, 'Finance Staff', 5),
	(445, 48, 'Finance Manager', 5),
	(446, 48, 'Production Manager', 5),
	(447, 41, 'SALES ENGINEER', 5),
	(448, 42, 'Senior Sales Engineer', 5),
	(449, 41, 'Admin Sales', 5),
	(450, 41, 'Application Engineer', 5),
	(451, 41, 'Delivery', 5),
	(452, 41, 'Delivery Driver', 5),
	(453, 47, 'Division Head', 5),
	(454, 41, 'Driver', 5),
	(455, 46, 'Engineer Supervisor', 5),
	(456, 41, 'Marketing Online', 5),
	(457, 43, 'Operator CNC', 5),
	(458, 43, 'Operator Manual', 5),
	(459, 41, 'PPIC Staff', 5),
	(460, 46, 'PPIC Supervisor', 5),
	(461, 48, 'Product & Business Development Manager', 5),
	(462, 41, 'Production Costing', 5),
	(463, 44, 'Production Leader 1', 5),
	(464, 44, 'Production Leader 2', 5),
	(465, 41, 'Purchasing', 5),
	(466, 41, 'QC Admin', 5),
	(467, 41, 'QC Staff', 5),
	(468, 46, 'QC Supervisor', 5),
	(469, 42, 'Senior Production Engineering & Technician', 5),
	(470, 47, 'Head Administration', 5),
	(471, 41, 'Sales Representative', 5),
	(472, 41, 'Technician', 5),
	(473, 41, 'Workshop Head', 5),
	(474, 41, 'Admin BC', 5),
	(475, 41, 'Admin Delivery', 5),
	(476, 41, 'Admin Warehouse', 5),
	(477, 43, 'Calibration Operator', 5),
	(478, 43, 'Data Operator', 5),
	(479, 41, 'Electrical Engineering', 5),
	(480, 41, 'General Affair', 5),
	(481, 47, 'Head of Branch', 5),
	(482, 41, 'Internal Sales', 5),
	(483, 41, 'Mechanical Engineering', 5),
	(484, 41, 'Product Delivery', 5),
	(485, 41, 'Production Planning Control', 5),
	(486, 41, 'Quality Control', 5),
	(487, 41, 'Quality Management', 5),
	(488, 41, 'Quality Staff', 5),
	(489, 48, 'Technical Service Manager', 5),
	(490, 48, 'Business Development Manager', 5),
	(491, 41, 'Junior Digital Marketing Specialist', 5),
	(492, 41, 'Mekanik', 5),
	(493, 41, 'Accounting Staff', 5),
	(494, 41, 'Admin Staff', 5),
	(495, 41, 'Associate for HR Specialist', 5),
	(496, 49, 'CFO', 5),
	(497, 41, 'Content Creator', 5),
	(498, 49, 'CTO', 5),
	(499, 48, 'Finance & Acc. Manager', 5),
	(500, 41, 'IT Solution and Implementation', 5),
	(501, 41, 'Maintenance', 5),
	(502, 41, 'Marketing Advisor', 5),
	(503, 41, 'Project Operation Staff', 5),
	(504, 41, 'Purchasing Admin', 5),
	(505, 41, 'Reporting Management', 5),
	(506, 46, 'Supervisor Accounting & Tax Officer', 5),
	(507, 41, 'System Administrator', 5),
	(508, 41, 'Tax Consultant', 5),
	(509, 41, 'Admin Invoicing Staff', 5),
	(510, 45, 'AR Officer', 5),
	(511, 41, 'Collector', 5),
	(512, 41, 'Customer Service Admin Support', 5),
	(513, 41, 'Customer Service Delivery Support', 5),
	(514, 44, 'Customer Service Delivery Support Leader', 5),
	(515, 45, 'Customer Service Officer', 5),
	(516, 41, 'DC&QHSE Staff', 5),
	(517, 43, 'Delivery Operator', 5),
	(518, 41, 'Driver Operasional', 5),
	(519, 41, 'Finance / AP Staff', 5),
	(520, 43, 'Forming Tool Production Operator', 5),
	(521, 46, 'Forming Tool Supervisor & Material Specialist', 5),
	(522, 48, 'HR & GA Manager', 5),
	(523, 46, 'Maintenance Supervisor', 5),
	(524, 48, 'MR & QHSE MANAGER', 5),
	(525, 43, 'PAFT Operator', 5),
	(526, 46, 'PPIC Senior Supervisor', 5),
	(527, 49, 'PRESIDENT DIRECTOR', 5),
	(528, 41, 'PRODUCTION ADMIN', 5),
	(529, 48, 'Production Assistant Manager', 5),
	(530, 44, 'Production Leader', 5),
	(531, 43, 'Production Operator', 5),
	(532, 45, 'Purchasing Officer', 5),
	(533, 41, 'Purchasing Staff', 5),
	(534, 41, 'QA Inspector', 5),
	(535, 41, 'QC Incoming', 5),
	(536, 41, 'QC Outgoing', 5),
	(537, 44, 'ROX Leader', 5),
	(538, 43, 'ROX Operator', 5),
	(539, 48, 'ROX Production Manager & Application Support', 5),
	(540, 46, 'ROX Supervisor', 5),
	(541, 41, 'Service Technician', 5),
	(542, 41, 'Sr. QA Staff', 5),
	(543, 41, 'Tax Staff', 5),
	(544, 41, 'Corporate and Legal Secretary', 5),
	(545, 49, 'CEO', 5),
	(546, 50, 'Advisor', 5),
	(547, 41, 'Marketing Staff', 5),
	(548, 47, 'Head of Administration', 5),
	(549, 41, 'Sales Engineering', 5),
	(550, 41, 'Sales', 5),
	(551, 59, 'Director', 6),
	(552, 56, 'Production Supervisor', 6),
	(553, 51, 'Sales Admin', 6),
	(554, 51, 'Finance Staff', 6),
	(555, 58, 'Finance Manager', 6),
	(556, 58, 'Production Manager', 6),
	(557, 51, 'SALES ENGINEER', 6),
	(558, 52, 'Senior Sales Engineer', 6),
	(559, 51, 'Admin Sales', 6),
	(560, 51, 'Application Engineer', 6),
	(561, 51, 'Delivery', 6),
	(562, 51, 'Delivery Driver', 6),
	(563, 57, 'Division Head', 6),
	(564, 51, 'Driver', 6),
	(565, 56, 'Engineer Supervisor', 6),
	(566, 51, 'Marketing Online', 6),
	(567, 53, 'Operator CNC', 6),
	(568, 53, 'Operator Manual', 6),
	(569, 51, 'PPIC Staff', 6),
	(570, 56, 'PPIC Supervisor', 6),
	(571, 58, 'Product & Business Development Manager', 6),
	(572, 51, 'Production Costing', 6),
	(573, 54, 'Production Leader 1', 6),
	(574, 54, 'Production Leader 2', 6),
	(575, 51, 'Purchasing', 6),
	(576, 51, 'QC Admin', 6),
	(577, 51, 'QC Staff', 6),
	(578, 56, 'QC Supervisor', 6),
	(579, 52, 'Senior Production Engineering & Technician', 6),
	(580, 57, 'Head Administration', 6),
	(581, 51, 'Sales Representative', 6),
	(582, 51, 'Technician', 6),
	(583, 51, 'Workshop Head', 6),
	(584, 51, 'Admin BC', 6),
	(585, 51, 'Admin Delivery', 6),
	(586, 51, 'Admin Warehouse', 6),
	(587, 53, 'Calibration Operator', 6),
	(588, 53, 'Data Operator', 6),
	(589, 51, 'Electrical Engineering', 6),
	(590, 51, 'General Affair', 6),
	(591, 57, 'Head of Branch', 6),
	(592, 51, 'Internal Sales', 6),
	(593, 51, 'Mechanical Engineering', 6),
	(594, 51, 'Product Delivery', 6),
	(595, 51, 'Production Planning Control', 6),
	(596, 51, 'Quality Control', 6),
	(597, 51, 'Quality Management', 6),
	(598, 51, 'Quality Staff', 6),
	(599, 58, 'Technical Service Manager', 6),
	(600, 58, 'Business Development Manager', 6),
	(601, 51, 'Junior Digital Marketing Specialist', 6),
	(602, 51, 'Mekanik', 6),
	(603, 51, 'Accounting Staff', 6),
	(604, 51, 'Admin Staff', 6),
	(605, 51, 'Associate for HR Specialist', 6),
	(606, 59, 'CFO', 6),
	(607, 51, 'Content Creator', 6),
	(608, 59, 'CTO', 6),
	(609, 58, 'Finance & Acc. Manager', 6),
	(610, 51, 'IT Solution and Implementation', 6),
	(611, 51, 'Maintenance', 6),
	(612, 51, 'Marketing Advisor', 6),
	(613, 51, 'Project Operation Staff', 6),
	(614, 51, 'Purchasing Admin', 6),
	(615, 51, 'Reporting Management', 6),
	(616, 56, 'Supervisor Accounting & Tax Officer', 6),
	(617, 51, 'System Administrator', 6),
	(618, 51, 'Tax Consultant', 6),
	(619, 51, 'Admin Invoicing Staff', 6),
	(620, 55, 'AR Officer', 6),
	(621, 51, 'Collector', 6),
	(622, 51, 'Customer Service Admin Support', 6),
	(623, 51, 'Customer Service Delivery Support', 6),
	(624, 54, 'Customer Service Delivery Support Leader', 6),
	(625, 55, 'Customer Service Officer', 6),
	(626, 51, 'DC&QHSE Staff', 6),
	(627, 53, 'Delivery Operator', 6),
	(628, 51, 'Driver Operasional', 6),
	(629, 51, 'Finance / AP Staff', 6),
	(630, 53, 'Forming Tool Production Operator', 6),
	(631, 56, 'Forming Tool Supervisor & Material Specialist', 6),
	(632, 58, 'HR & GA Manager', 6),
	(633, 56, 'Maintenance Supervisor', 6),
	(634, 58, 'MR & QHSE MANAGER', 6),
	(635, 53, 'PAFT Operator', 6),
	(636, 56, 'PPIC Senior Supervisor', 6),
	(637, 59, 'PRESIDENT DIRECTOR', 6),
	(638, 51, 'PRODUCTION ADMIN', 6),
	(639, 58, 'Production Assistant Manager', 6),
	(640, 54, 'Production Leader', 6),
	(641, 53, 'Production Operator', 6),
	(642, 55, 'Purchasing Officer', 6),
	(643, 51, 'Purchasing Staff', 6),
	(644, 51, 'QA Inspector', 6),
	(645, 51, 'QC Incoming', 6),
	(646, 51, 'QC Outgoing', 6),
	(647, 54, 'ROX Leader', 6),
	(648, 53, 'ROX Operator', 6),
	(649, 58, 'ROX Production Manager & Application Support', 6),
	(650, 56, 'ROX Supervisor', 6),
	(651, 51, 'Service Technician', 6),
	(652, 51, 'Sr. QA Staff', 6),
	(653, 51, 'Tax Staff', 6),
	(654, 51, 'Corporate and Legal Secretary', 6),
	(655, 59, 'CEO', 6),
	(656, 60, 'Advisor', 6),
	(657, 51, 'Marketing Staff', 6),
	(658, 57, 'Head of Administration', 6),
	(659, 51, 'Sales Engineering', 6),
	(660, 51, 'Sales', 6),
	(661, 69, 'Director', 7),
	(662, 66, 'Production Supervisor', 7),
	(663, 61, 'Sales Admin', 7),
	(664, 61, 'Finance Staff', 7),
	(665, 68, 'Finance Manager', 7),
	(666, 68, 'Production Manager', 7),
	(667, 61, 'SALES ENGINEER', 7),
	(668, 62, 'Senior Sales Engineer', 7),
	(669, 61, 'Admin Sales', 7),
	(670, 61, 'Application Engineer', 7),
	(671, 61, 'Delivery', 7),
	(672, 61, 'Delivery Driver', 7),
	(673, 67, 'Division Head', 7),
	(674, 61, 'Driver', 7),
	(675, 66, 'Engineer Supervisor', 7),
	(676, 61, 'Marketing Online', 7),
	(677, 63, 'Operator CNC', 7),
	(678, 63, 'Operator Manual', 7),
	(679, 61, 'PPIC Staff', 7),
	(680, 66, 'PPIC Supervisor', 7),
	(681, 68, 'Product & Business Development Manager', 7),
	(682, 61, 'Production Costing', 7),
	(683, 64, 'Production Leader 1', 7),
	(684, 64, 'Production Leader 2', 7),
	(685, 61, 'Purchasing', 7),
	(686, 61, 'QC Admin', 7),
	(687, 61, 'QC Staff', 7),
	(688, 66, 'QC Supervisor', 7),
	(689, 62, 'Senior Production Engineering & Technician', 7),
	(690, 67, 'Head Administration', 7),
	(691, 61, 'Sales Representative', 7),
	(692, 61, 'Technician', 7),
	(693, 61, 'Workshop Head', 7),
	(694, 61, 'Admin BC', 7),
	(695, 61, 'Admin Delivery', 7),
	(696, 61, 'Admin Warehouse', 7),
	(697, 63, 'Calibration Operator', 7),
	(698, 63, 'Data Operator', 7),
	(699, 61, 'Electrical Engineering', 7),
	(700, 61, 'General Affair', 7),
	(701, 67, 'Head of Branch', 7),
	(702, 61, 'Internal Sales', 7),
	(703, 61, 'Mechanical Engineering', 7),
	(704, 61, 'Product Delivery', 7),
	(705, 61, 'Production Planning Control', 7),
	(706, 61, 'Quality Control', 7),
	(707, 61, 'Quality Management', 7),
	(708, 61, 'Quality Staff', 7),
	(709, 68, 'Technical Service Manager', 7),
	(710, 68, 'Business Development Manager', 7),
	(711, 61, 'Junior Digital Marketing Specialist', 7),
	(712, 61, 'Mekanik', 7),
	(713, 61, 'Accounting Staff', 7),
	(714, 61, 'Admin Staff', 7),
	(715, 61, 'Associate for HR Specialist', 7),
	(716, 69, 'CFO', 7),
	(717, 61, 'Content Creator', 7),
	(718, 69, 'CTO', 7),
	(719, 68, 'Finance & Acc. Manager', 7),
	(720, 61, 'IT Solution and Implementation', 7),
	(721, 61, 'Maintenance', 7),
	(722, 61, 'Marketing Advisor', 7),
	(723, 61, 'Project Operation Staff', 7),
	(724, 61, 'Purchasing Admin', 7),
	(725, 61, 'Reporting Management', 7),
	(726, 66, 'Supervisor Accounting & Tax Officer', 7),
	(727, 61, 'System Administrator', 7),
	(728, 61, 'Tax Consultant', 7),
	(729, 61, 'Admin Invoicing Staff', 7),
	(730, 65, 'AR Officer', 7),
	(731, 61, 'Collector', 7),
	(732, 61, 'Customer Service Admin Support', 7),
	(733, 61, 'Customer Service Delivery Support', 7),
	(734, 64, 'Customer Service Delivery Support Leader', 7),
	(735, 65, 'Customer Service Officer', 7),
	(736, 61, 'DC&QHSE Staff', 7),
	(737, 63, 'Delivery Operator', 7),
	(738, 61, 'Driver Operasional', 7),
	(739, 61, 'Finance / AP Staff', 7),
	(740, 63, 'Forming Tool Production Operator', 7),
	(741, 66, 'Forming Tool Supervisor & Material Specialist', 7),
	(742, 68, 'HR & GA Manager', 7),
	(743, 66, 'Maintenance Supervisor', 7),
	(744, 68, 'MR & QHSE MANAGER', 7),
	(745, 63, 'PAFT Operator', 7),
	(746, 66, 'PPIC Senior Supervisor', 7),
	(747, 69, 'PRESIDENT DIRECTOR', 7),
	(748, 61, 'PRODUCTION ADMIN', 7),
	(749, 68, 'Production Assistant Manager', 7),
	(750, 64, 'Production Leader', 7),
	(751, 63, 'Production Operator', 7),
	(752, 65, 'Purchasing Officer', 7),
	(753, 61, 'Purchasing Staff', 7),
	(754, 61, 'QA Inspector', 7),
	(755, 61, 'QC Incoming', 7),
	(756, 61, 'QC Outgoing', 7),
	(757, 64, 'ROX Leader', 7),
	(758, 63, 'ROX Operator', 7),
	(759, 68, 'ROX Production Manager & Application Support', 7),
	(760, 66, 'ROX Supervisor', 7),
	(761, 61, 'Service Technician', 7),
	(762, 61, 'Sr. QA Staff', 7),
	(763, 61, 'Tax Staff', 7),
	(764, 61, 'Corporate and Legal Secretary', 7),
	(765, 69, 'CEO', 7),
	(766, 70, 'Advisor', 7),
	(767, 61, 'Marketing Staff', 7),
	(768, 67, 'Head of Administration', 7),
	(769, 61, 'Sales Engineering', 7),
	(770, 61, 'Sales', 7),
	(771, 79, 'Director', 8),
	(772, 76, 'Production Supervisor', 8),
	(773, 71, 'Sales Admin', 8),
	(774, 71, 'Finance Staff', 8),
	(775, 78, 'Finance Manager', 8),
	(776, 78, 'Production Manager', 8),
	(777, 71, 'SALES ENGINEER', 8),
	(778, 72, 'Senior Sales Engineer', 8),
	(779, 71, 'Admin Sales', 8),
	(780, 71, 'Application Engineer', 8),
	(781, 71, 'Delivery', 8),
	(782, 71, 'Delivery Driver', 8),
	(783, 77, 'Division Head', 8),
	(784, 71, 'Driver', 8),
	(785, 76, 'Engineer Supervisor', 8),
	(786, 71, 'Marketing Online', 8),
	(787, 73, 'Operator CNC', 8),
	(788, 73, 'Operator Manual', 8),
	(789, 71, 'PPIC Staff', 8),
	(790, 76, 'PPIC Supervisor', 8),
	(791, 78, 'Product & Business Development Manager', 8),
	(792, 71, 'Production Costing', 8),
	(793, 74, 'Production Leader 1', 8),
	(794, 74, 'Production Leader 2', 8),
	(795, 71, 'Purchasing', 8),
	(796, 71, 'QC Admin', 8),
	(797, 71, 'QC Staff', 8),
	(798, 76, 'QC Supervisor', 8),
	(799, 72, 'Senior Production Engineering & Technician', 8),
	(800, 77, 'Head Administration', 8),
	(801, 71, 'Sales Representative', 8),
	(802, 71, 'Technician', 8),
	(803, 71, 'Workshop Head', 8),
	(804, 71, 'Admin BC', 8),
	(805, 71, 'Admin Delivery', 8),
	(806, 71, 'Admin Warehouse', 8),
	(807, 73, 'Calibration Operator', 8),
	(808, 73, 'Data Operator', 8),
	(809, 71, 'Electrical Engineering', 8),
	(810, 71, 'General Affair', 8),
	(811, 77, 'Head of Branch', 8),
	(812, 71, 'Internal Sales', 8),
	(813, 71, 'Mechanical Engineering', 8),
	(814, 71, 'Product Delivery', 8),
	(815, 71, 'Production Planning Control', 8),
	(816, 71, 'Quality Control', 8),
	(817, 71, 'Quality Management', 8),
	(818, 71, 'Quality Staff', 8),
	(819, 78, 'Technical Service Manager', 8),
	(820, 78, 'Business Development Manager', 8),
	(821, 71, 'Junior Digital Marketing Specialist', 8),
	(822, 71, 'Mekanik', 8),
	(823, 71, 'Accounting Staff', 8),
	(824, 71, 'Admin Staff', 8),
	(825, 71, 'Associate for HR Specialist', 8),
	(826, 79, 'CFO', 8),
	(827, 71, 'Content Creator', 8),
	(828, 79, 'CTO', 8),
	(829, 78, 'Finance & Acc. Manager', 8),
	(830, 71, 'IT Solution and Implementation', 8),
	(831, 71, 'Maintenance', 8),
	(832, 71, 'Marketing Advisor', 8),
	(833, 71, 'Project Operation Staff', 8),
	(834, 71, 'Purchasing Admin', 8),
	(835, 71, 'Reporting Management', 8),
	(836, 76, 'Supervisor Accounting & Tax Officer', 8),
	(837, 71, 'System Administrator', 8),
	(838, 71, 'Tax Consultant', 8),
	(839, 71, 'Admin Invoicing Staff', 8),
	(840, 75, 'AR Officer', 8),
	(841, 71, 'Collector', 8),
	(842, 71, 'Customer Service Admin Support', 8),
	(843, 71, 'Customer Service Delivery Support', 8),
	(844, 74, 'Customer Service Delivery Support Leader', 8),
	(845, 75, 'Customer Service Officer', 8),
	(846, 71, 'DC&QHSE Staff', 8),
	(847, 73, 'Delivery Operator', 8),
	(848, 71, 'Driver Operasional', 8),
	(849, 71, 'Finance / AP Staff', 8),
	(850, 73, 'Forming Tool Production Operator', 8),
	(851, 76, 'Forming Tool Supervisor & Material Specialist', 8),
	(852, 78, 'HR & GA Manager', 8),
	(853, 76, 'Maintenance Supervisor', 8),
	(854, 78, 'MR & QHSE MANAGER', 8),
	(855, 73, 'PAFT Operator', 8),
	(856, 76, 'PPIC Senior Supervisor', 8),
	(857, 79, 'PRESIDENT DIRECTOR', 8),
	(858, 71, 'PRODUCTION ADMIN', 8),
	(859, 78, 'Production Assistant Manager', 8),
	(860, 74, 'Production Leader', 8),
	(861, 73, 'Production Operator', 8),
	(862, 75, 'Purchasing Officer', 8),
	(863, 71, 'Purchasing Staff', 8),
	(864, 71, 'QA Inspector', 8),
	(865, 71, 'QC Incoming', 8),
	(866, 71, 'QC Outgoing', 8),
	(867, 74, 'ROX Leader', 8),
	(868, 73, 'ROX Operator', 8),
	(869, 78, 'ROX Production Manager & Application Support', 8),
	(870, 76, 'ROX Supervisor', 8),
	(871, 71, 'Service Technician', 8),
	(872, 71, 'Sr. QA Staff', 8),
	(873, 71, 'Tax Staff', 8),
	(874, 71, 'Corporate and Legal Secretary', 8),
	(875, 79, 'CEO', 8),
	(876, 80, 'Advisor', 8),
	(877, 71, 'Marketing Staff', 8),
	(878, 77, 'Head of Administration', 8),
	(879, 71, 'Sales Engineering', 8),
	(880, 71, 'Sales', 8);
/*!40000 ALTER TABLE `jabatan` ENABLE KEYS */;

-- Dumping structure for table kpi_obai_baru.level
CREATE TABLE IF NOT EXISTS `level` (
  `kd_level` int(11) NOT NULL AUTO_INCREMENT,
  `nm_level` varchar(255) DEFAULT NULL,
  `kd_perusahaan` int(11) DEFAULT NULL,
  `level` int(11) DEFAULT NULL,
  PRIMARY KEY (`kd_level`),
  KEY `FK__perusahaan` (`kd_perusahaan`),
  CONSTRAINT `FK_level_perusahaan` FOREIGN KEY (`kd_perusahaan`) REFERENCES `perusahaan` (`kd_perusahaan`) ON DELETE CASCADE ON UPDATE CASCADE
) ENGINE=InnoDB AUTO_INCREMENT=81 DEFAULT CHARSET=latin1;

-- Dumping data for table kpi_obai_baru.level: ~80 rows (approximately)
DELETE FROM `level`;
/*!40000 ALTER TABLE `level` DISABLE KEYS */;
INSERT INTO `level` (`kd_level`, `nm_level`, `kd_perusahaan`, `level`) VALUES
	(1, 'Staff', 3, 1),
	(2, 'Senior Staff', 3, 2),
	(3, 'Operator', 3, 2),
	(4, 'Leader', 3, 3),
	(5, 'Officer', 3, 4),
	(6, 'Supervisor', 3, 4),
	(7, 'Head', 3, 4),
	(8, 'Manager', 3, 5),
	(9, 'DIRECTOR', 3, 6),
	(10, 'Advisor', 3, 6),
	(11, 'Staff', 1, 1),
	(12, 'Senior Staff', 1, 2),
	(13, 'Operator', 1, 2),
	(14, 'Leader', 1, 3),
	(15, 'Officer', 1, 4),
	(16, 'Supervisor', 1, 4),
	(17, 'Head', 1, 4),
	(18, 'Manager', 1, 5),
	(19, 'DIRECTOR', 1, 6),
	(20, 'Advisor', 1, 6),
	(21, 'Staff', 2, 1),
	(22, 'Senior Staff', 2, 2),
	(23, 'Operator', 2, 2),
	(24, 'Leader', 2, 3),
	(25, 'Officer', 2, 4),
	(26, 'Supervisor', 2, 4),
	(27, 'Head', 2, 4),
	(28, 'Manager', 2, 5),
	(29, 'DIRECTOR', 2, 6),
	(30, 'Advisor', 2, 6),
	(31, 'Staff', 4, 1),
	(32, 'Senior Staff', 4, 2),
	(33, 'Operator', 4, 2),
	(34, 'Leader', 4, 3),
	(35, 'Officer', 4, 4),
	(36, 'Supervisor', 4, 4),
	(37, 'Head', 4, 4),
	(38, 'Manager', 4, 5),
	(39, 'DIRECTOR', 4, 6),
	(40, 'Advisor', 4, 6),
	(41, 'Staff', 5, 1),
	(42, 'Senior Staff', 5, 2),
	(43, 'Operator', 5, 2),
	(44, 'Leader', 5, 3),
	(45, 'Officer', 5, 4),
	(46, 'Supervisor', 5, 4),
	(47, 'Head', 5, 4),
	(48, 'Manager', 5, 5),
	(49, 'DIRECTOR', 5, 6),
	(50, 'Advisor', 5, 6),
	(51, 'Staff', 6, 1),
	(52, 'Senior Staff', 6, 2),
	(53, 'Operator', 6, 2),
	(54, 'Leader', 6, 3),
	(55, 'Officer', 6, 4),
	(56, 'Supervisor', 6, 4),
	(57, 'Head', 6, 4),
	(58, 'Manager', 6, 5),
	(59, 'DIRECTOR', 6, 6),
	(60, 'Advisor', 6, 6),
	(61, 'Staff', 7, 1),
	(62, 'Senior Staff', 7, 2),
	(63, 'Operator', 7, 2),
	(64, 'Leader', 7, 3),
	(65, 'Officer', 7, 4),
	(66, 'Supervisor', 7, 4),
	(67, 'Head', 7, 4),
	(68, 'Manager', 7, 5),
	(69, 'DIRECTOR', 7, 6),
	(70, 'Advisor', 7, 6),
	(71, 'Staff', 8, 1),
	(72, 'Senior Staff', 8, 2),
	(73, 'Operator', 8, 2),
	(74, 'Leader', 8, 3),
	(75, 'Officer', 8, 4),
	(76, 'Supervisor', 8, 4),
	(77, 'Head', 8, 4),
	(78, 'Manager', 8, 5),
	(79, 'DIRECTOR', 8, 6),
	(80, 'Advisor', 8, 6);
/*!40000 ALTER TABLE `level` ENABLE KEYS */;

-- Dumping structure for table kpi_obai_baru.logger
CREATE TABLE IF NOT EXISTS `logger` (
  `id` bigint(20) NOT NULL AUTO_INCREMENT,
  `created_on` timestamp NOT NULL DEFAULT current_timestamp(),
  `created_by` int(11) DEFAULT NULL,
  `type` varchar(255) DEFAULT NULL,
  `type_id` bigint(20) DEFAULT NULL,
  `token` varchar(255) DEFAULT NULL,
  `comment` text DEFAULT NULL,
  `data` text DEFAULT NULL,
  PRIMARY KEY (`id`)
) ENGINE=InnoDB DEFAULT CHARSET=latin1;

-- Dumping data for table kpi_obai_baru.logger: ~0 rows (approximately)
DELETE FROM `logger`;
/*!40000 ALTER TABLE `logger` DISABLE KEYS */;
/*!40000 ALTER TABLE `logger` ENABLE KEYS */;

-- Dumping structure for table kpi_obai_baru.login_attempts
CREATE TABLE IF NOT EXISTS `login_attempts` (
  `id` int(11) unsigned NOT NULL AUTO_INCREMENT,
  `ip_address` varchar(45) NOT NULL,
  `login` varchar(100) NOT NULL,
  `time` int(11) unsigned DEFAULT NULL,
  PRIMARY KEY (`id`)
) ENGINE=InnoDB AUTO_INCREMENT=280 DEFAULT CHARSET=utf8;

-- Dumping data for table kpi_obai_baru.login_attempts: ~0 rows (approximately)
DELETE FROM `login_attempts`;
/*!40000 ALTER TABLE `login_attempts` DISABLE KEYS */;
/*!40000 ALTER TABLE `login_attempts` ENABLE KEYS */;

-- Dumping structure for table kpi_obai_baru.measurement
CREATE TABLE IF NOT EXISTS `measurement` (
  `kd_measurement` varchar(10) NOT NULL,
  `kd_ms` varchar(10) NOT NULL,
  `nm_measurement` varchar(255) DEFAULT NULL,
  `kd_bd` varchar(10) DEFAULT NULL,
  `type` varchar(5) DEFAULT NULL,
  `unit` varchar(5) DEFAULT NULL,
  `period` varchar(5) DEFAULT NULL,
  `aggregation` varchar(5) DEFAULT NULL COMMENT 'avg, sum',
  PRIMARY KEY (`kd_measurement`),
  KEY `FK_measurement_business_driver` (`kd_bd`),
  CONSTRAINT `FK_measurement_business_driver` FOREIGN KEY (`kd_bd`) REFERENCES `business_driver` (`kd_bd`) ON DELETE SET NULL ON UPDATE CASCADE
) ENGINE=InnoDB DEFAULT CHARSET=latin1;

-- Dumping data for table kpi_obai_baru.measurement: ~0 rows (approximately)
DELETE FROM `measurement`;
/*!40000 ALTER TABLE `measurement` DISABLE KEYS */;
/*!40000 ALTER TABLE `measurement` ENABLE KEYS */;

-- Dumping structure for table kpi_obai_baru.measurement_bobot
CREATE TABLE IF NOT EXISTS `measurement_bobot` (
  `kd_mb` varchar(15) NOT NULL,
  `kd_measurement` varchar(10) DEFAULT NULL,
  `weightage` int(11) DEFAULT NULL,
  `weightage_persen` decimal(5,2) DEFAULT NULL,
  `tahun` int(11) DEFAULT NULL,
  `status` tinyint(4) DEFAULT 0 COMMENT '0=proses, 1 = approve, 2=tolak',
  `target_setahun` decimal(20,0) DEFAULT 0,
  `type` varchar(5) DEFAULT '0',
  `unit` tinyint(4) DEFAULT 0,
  `period` varchar(5) DEFAULT '0',
  `aggregation` varchar(5) DEFAULT NULL COMMENT 'avg, sum',
  `approved_by` varchar(255) DEFAULT NULL,
  `nip_approver` varchar(10) DEFAULT NULL,
  `user_input` varchar(255) DEFAULT NULL,
  `user_edit` varchar(255) DEFAULT NULL,
  `tgl_input` datetime DEFAULT NULL,
  `tgl_edit` datetime DEFAULT NULL,
  PRIMARY KEY (`kd_mb`),
  KEY `FK_measurement_bobot_measurement` (`kd_measurement`),
  CONSTRAINT `FK_measurement_bobot_measurement` FOREIGN KEY (`kd_measurement`) REFERENCES `measurement` (`kd_measurement`) ON DELETE CASCADE ON UPDATE CASCADE
) ENGINE=InnoDB DEFAULT CHARSET=latin1;

-- Dumping data for table kpi_obai_baru.measurement_bobot: ~0 rows (approximately)
DELETE FROM `measurement_bobot`;
/*!40000 ALTER TABLE `measurement_bobot` DISABLE KEYS */;
/*!40000 ALTER TABLE `measurement_bobot` ENABLE KEYS */;

-- Dumping structure for table kpi_obai_baru.measurement_result
CREATE TABLE IF NOT EXISTS `measurement_result` (
  `kd_mr` varchar(20) NOT NULL,
  `kd_measurement` varchar(10) DEFAULT NULL,
  `kd_bd` varchar(10) DEFAULT NULL,
  `bulan` tinyint(4) DEFAULT NULL,
  `tahun` int(11) DEFAULT NULL,
  `weightage` decimal(5,4) DEFAULT NULL,
  `target` decimal(20,2) DEFAULT NULL,
  `target_peg` decimal(20,2) DEFAULT NULL COMMENT 'target dr data pegawai',
  `score` double(5,4) DEFAULT NULL,
  `actual` double(20,2) DEFAULT NULL,
  `result` decimal(5,4) DEFAULT NULL,
  `point_result` decimal(5,2) DEFAULT NULL,
  `type` varchar(5) DEFAULT NULL,
  `unit` varchar(5) DEFAULT NULL,
  `period` varchar(5) DEFAULT NULL,
  `aggregation` varchar(5) DEFAULT NULL COMMENT 'avg, sum',
  `user_input` varchar(255) DEFAULT NULL,
  `user_edit` varchar(255) DEFAULT NULL,
  `tgl_input` datetime DEFAULT NULL,
  `tgl_edit` datetime DEFAULT NULL,
  PRIMARY KEY (`kd_mr`),
  KEY `FK_measurement_result_measurement` (`kd_measurement`),
  KEY `FK_measurement_result_business_driver` (`kd_bd`),
  CONSTRAINT `FK_measurement_result_business_driver` FOREIGN KEY (`kd_bd`) REFERENCES `business_driver` (`kd_bd`) ON DELETE SET NULL ON UPDATE CASCADE,
  CONSTRAINT `FK_measurement_result_measurement` FOREIGN KEY (`kd_measurement`) REFERENCES `measurement` (`kd_measurement`) ON DELETE SET NULL ON UPDATE CASCADE
) ENGINE=InnoDB DEFAULT CHARSET=latin1;

-- Dumping data for table kpi_obai_baru.measurement_result: ~0 rows (approximately)
DELETE FROM `measurement_result`;
/*!40000 ALTER TABLE `measurement_result` DISABLE KEYS */;
/*!40000 ALTER TABLE `measurement_result` ENABLE KEYS */;

-- Dumping structure for table kpi_obai_baru.measurement_target
CREATE TABLE IF NOT EXISTS `measurement_target` (
  `kd_mt` varchar(30) NOT NULL,
  `kd_measurement` varchar(10) DEFAULT NULL,
  `bulan` int(11) DEFAULT NULL,
  `tahun` int(11) DEFAULT NULL,
  `deskripsi` varchar(255) DEFAULT NULL,
  `status` tinyint(4) DEFAULT 0 COMMENT '0=proses, 1 = approve, 2=tolak',
  `target_setahun` decimal(20,0) DEFAULT 0 COMMENT 'target yg sesuai dengan periodnya',
  `target_setahun_aktual` decimal(20,0) DEFAULT 0 COMMENT 'target yg sudah di hitung selama setahun',
  `type` varchar(5) DEFAULT '0',
  `unit` varchar(5) DEFAULT '0',
  `period` varchar(5) DEFAULT '0',
  `aggregation` varchar(5) DEFAULT NULL COMMENT 'avg, sum',
  `approved_by` varchar(255) DEFAULT NULL,
  `nip_approver` varchar(10) DEFAULT NULL,
  `user_input` varchar(255) DEFAULT NULL,
  `user_edit` varchar(255) DEFAULT NULL,
  `tgl_input` datetime DEFAULT NULL,
  `tgl_edit` datetime DEFAULT NULL,
  PRIMARY KEY (`kd_mt`),
  KEY `FK_measurement_target_measurement` (`kd_measurement`),
  CONSTRAINT `FK_measurement_target_measurement` FOREIGN KEY (`kd_measurement`) REFERENCES `measurement` (`kd_measurement`) ON DELETE SET NULL ON UPDATE CASCADE
) ENGINE=InnoDB DEFAULT CHARSET=latin1;

-- Dumping data for table kpi_obai_baru.measurement_target: ~0 rows (approximately)
DELETE FROM `measurement_target`;
/*!40000 ALTER TABLE `measurement_target` DISABLE KEYS */;
/*!40000 ALTER TABLE `measurement_target` ENABLE KEYS */;

-- Dumping structure for table kpi_obai_baru.measurement_target_d
CREATE TABLE IF NOT EXISTS `measurement_target_d` (
  `kd_mtd` varchar(50) NOT NULL,
  `kd_mt` varchar(30) DEFAULT NULL,
  `bulan` tinyint(4) DEFAULT NULL,
  `target` decimal(20,2) DEFAULT NULL,
  PRIMARY KEY (`kd_mtd`),
  KEY `FK_measurement_target_d_measurement_target` (`kd_mt`),
  CONSTRAINT `FK_measurement_target_d_measurement_target` FOREIGN KEY (`kd_mt`) REFERENCES `measurement_target` (`kd_mt`) ON DELETE CASCADE ON UPDATE CASCADE
) ENGINE=InnoDB DEFAULT CHARSET=latin1;

-- Dumping data for table kpi_obai_baru.measurement_target_d: ~0 rows (approximately)
DELETE FROM `measurement_target_d`;
/*!40000 ALTER TABLE `measurement_target_d` DISABLE KEYS */;
/*!40000 ALTER TABLE `measurement_target_d` ENABLE KEYS */;

-- Dumping structure for table kpi_obai_baru.menu
CREATE TABLE IF NOT EXISTS `menu` (
  `kd_menu` int(11) unsigned NOT NULL AUTO_INCREMENT,
  `order` int(11) DEFAULT NULL,
  `menu` varchar(50) NOT NULL,
  `kd_menu_parent` int(11) unsigned DEFAULT NULL,
  `level` int(11) unsigned DEFAULT NULL,
  `icon` varchar(50) DEFAULT NULL,
  `link` varchar(50) DEFAULT NULL,
  `status_show` bit(1) DEFAULT b'1',
  `quick_menu` bit(1) DEFAULT b'0',
  `icon_quick` varchar(50) DEFAULT NULL,
  `stat_section` bit(1) DEFAULT b'0',
  PRIMARY KEY (`kd_menu`)
) ENGINE=InnoDB AUTO_INCREMENT=62 DEFAULT CHARSET=latin1;

-- Dumping data for table kpi_obai_baru.menu: ~37 rows (approximately)
DELETE FROM `menu`;
/*!40000 ALTER TABLE `menu` DISABLE KEYS */;
INSERT INTO `menu` (`kd_menu`, `order`, `menu`, `kd_menu_parent`, `level`, `icon`, `link`, `status_show`, `quick_menu`, `icon_quick`, `stat_section`) VALUES
	(1, 1, 'Dasboard', NULL, 1, 'flaticon-line-graph', 'dashboard/Home', b'1', NULL, NULL, NULL),
	(2, 2, 'Personal', NULL, 1, NULL, NULL, b'1', b'0', NULL, b'1'),
	(3, 3, 'Foundation', NULL, 1, NULL, NULL, b'1', b'0', NULL, b'1'),
	(4, 4, 'Overview', NULL, 1, NULL, NULL, b'1', b'0', NULL, b'1'),
	(5, 5, 'Setting', NULL, 1, NULL, NULL, b'1', b'0', NULL, b'1'),
	(6, 1, 'Employee', 2, 2, ' flaticon-avatar', '#', b'1', NULL, NULL, NULL),
	(7, 2, 'Notifications', 2, 2, 'flaticon-alert', 'akses/Notifikasi', b'1', b'1', 'flaticon-alert', NULL),
	(8, 1, 'Scorecards', 3, 2, 'flaticon-squares-4', '#', b'1', NULL, NULL, NULL),
	(9, 2, 'Appraisal', 3, 2, 'flaticon-statistics', '#', b'1', NULL, NULL, NULL),
	(10, 1, 'Employee Report', 55, 3, '', 'report/ReportPegawai', b'1', NULL, '', NULL),
	(11, 2, 'Data Appraisal Report', 54, 3, '', 'report/ReportAppraisal', b'1', NULL, '', NULL),
	(12, 3, 'Individual Report', 54, 3, '', 'report/ReportIndividual', b'1', NULL, '', NULL),
	(13, 4, 'Recapitulaton Report', 54, 3, '', '#', NULL, NULL, '', NULL),
	(14, 1, 'Organization', 5, 2, 'fa fa-building', '#', b'1', NULL, NULL, NULL),
	(17, 4, 'Data User', 5, 2, 'flaticon-user', 'akses/User', b'1', b'0', NULL, NULL),
	(18, 5, 'User Role', 5, 2, 'fa  fa-user-lock', 'akses/UserRole', b'1', NULL, NULL, NULL),
	(19, 6, 'Menu', 5, 2, 'flaticon-squares-1', 'akses/Menu', b'0', NULL, NULL, NULL),
	(20, 1, 'Employee Data', 6, 3, '', 'organisasi/Pegawai', b'1', b'1', 'flaticon-users', NULL),
	(41, 1, 'Company', 14, 3, '', 'organisasi/Perusahaan', b'1', NULL, NULL, NULL),
	(42, 2, 'Department', 14, 3, '', 'organisasi/Departemen', b'1', NULL, NULL, NULL),
	(43, 3, 'Role Jobs', 6, 3, '', 'organisasi/Jabatan', b'1', NULL, NULL, NULL),
	(44, 3, 'Level', 6, 3, '', 'organisasi/Level', b'1', NULL, NULL, NULL),
	(45, 7, 'Permission', 5, 2, 'flaticon-lock', 'akses/Permission', b'1', NULL, NULL, NULL),
	(48, 1, 'Perspective', 8, 3, '', 'scorecards/Perspective', b'1', NULL, NULL, NULL),
	(49, 2, 'Business Driver', 8, 3, '', 'scorecards/BusinessDriver', b'1', NULL, NULL, NULL),
	(50, 3, 'Measurement', 8, 3, '', 'scorecards/Measurement', b'1', NULL, NULL, NULL),
	(51, 4, 'Department KPI', 8, 3, '', 'scorecards/DepartemenKpi', b'1', NULL, NULL, NULL),
	(52, 1, 'input appraisal', 9, 3, '', 'scorecards/Appraisal', b'1', b'1', 'flaticon-interface-9', NULL),
	(53, 2, 'Appraisal History', 9, 3, '', 'scorecards/AppraisalHistory', b'1', b'1', 'flaticon-clipboard', NULL),
	(54, 1, 'Appraisal Report', 4, 2, '', '#', b'1', NULL, '', NULL),
	(55, 2, 'HR Report', 4, 2, '', '#', b'1', NULL, '', NULL),
	(56, 4, 'Measurement vs Target', 54, 4, '', 'report/ReportMeasurement', b'1', NULL, '', NULL),
	(57, 3, 'Dashboard Report', 4, 2, '', 'dashboard/Dashboard', b'1', NULL, '', NULL),
	(58, 4, 'Dashboard Department', 4, 2, '', 'dashboard/DashboardDept', b'1', NULL, '', NULL),
	(59, 4, 'HR Dashboard', 4, 2, '', 'dashboard/DashboardHr', b'1', NULL, '', NULL),
	(60, 5, 'Weightage Company', 8, 3, '', 'scorecards/WeightageCompany', b'0', NULL, '', NULL),
	(61, 6, 'Weightage Employee', 8, 3, '', 'scorecards/WeightagePeg', b'0', NULL, '', NULL);
/*!40000 ALTER TABLE `menu` ENABLE KEYS */;

-- Dumping structure for table kpi_obai_baru.notifikasi
CREATE TABLE IF NOT EXISTS `notifikasi` (
  `kd_notifikasi` varchar(20) NOT NULL,
  `nip` varchar(10) DEFAULT NULL,
  `pesan` varchar(255) DEFAULT NULL,
  `link` varchar(255) DEFAULT NULL,
  `tipe` varchar(10) DEFAULT NULL COMMENT 'ULTH=ulang tahun, ALRT=peringatan',
  `status` tinyint(4) DEFAULT 0 COMMENT '1=read, 0=unread',
  `status_admin` tinyint(4) DEFAULT 0,
  `tgl_input` datetime DEFAULT NULL,
  PRIMARY KEY (`kd_notifikasi`)
) ENGINE=InnoDB DEFAULT CHARSET=latin1;

-- Dumping data for table kpi_obai_baru.notifikasi: ~0 rows (approximately)
DELETE FROM `notifikasi`;
/*!40000 ALTER TABLE `notifikasi` DISABLE KEYS */;
INSERT INTO `notifikasi` (`kd_notifikasi`, `nip`, `pesan`, `link`, `tipe`, `status`, `status_admin`, `tgl_input`) VALUES
	('100102222309752832', 'AD001', 'Admin( AD001 )  appraisal Nov 2022 has not yet been processed', 'scorecards/Appraisal/index/2022/11', 'ALRT', 0, 0, '2022-12-21 10:17:18'),
	('100102222309752833', 'AEQ-0001', 'ADE JULIANTO( AEQ-0001 )  appraisal Nov 2022 has not yet been processed', 'scorecards/Appraisal/index/2022/11', 'ALRT', 0, 0, '2022-12-21 10:17:18'),
	('100102222309752834', 'AEQ-0003', 'AKHMAD REFKI ZAINURI( AEQ-0003 )  appraisal Nov 2022 has not yet been processed', 'scorecards/Appraisal/index/2022/11', 'ALRT', 0, 0, '2022-12-21 10:17:18'),
	('100102222309752835', 'AEQ-0004', 'ARTHANI ROSYIDA( AEQ-0004 )  appraisal Nov 2022 has not yet been processed', 'scorecards/Appraisal/index/2022/11', 'ALRT', 0, 0, '2022-12-21 10:17:18'),
	('100102222309752836', 'AEQ-0005', 'CANDRA WAHYU TRI PRASETYA( AEQ-0005 )  appraisal Nov 2022 has not yet been processed', 'scorecards/Appraisal/index/2022/11', 'ALRT', 0, 0, '2022-12-21 10:17:18'),
	('100102222309752837', 'AEQ-0006', 'DEVI TRIFALISLI( AEQ-0006 )  appraisal Nov 2022 has not yet been processed', 'scorecards/Appraisal/index/2022/11', 'ALRT', 0, 0, '2022-12-21 10:17:18'),
	('100102222309752838', 'AEQ-0007', 'DEWI SANTY( AEQ-0007 )  appraisal Nov 2022 has not yet been processed', 'scorecards/Appraisal/index/2022/11', 'ALRT', 0, 0, '2022-12-21 10:17:18'),
	('100102222309752839', 'AEQ-0008', 'DEZAN FAUZI PRIATNA( AEQ-0008 )  appraisal Nov 2022 has not yet been processed', 'scorecards/Appraisal/index/2022/11', 'ALRT', 0, 0, '2022-12-21 10:17:18'),
	('100102222309752840', 'AEQ-0009', 'DONNY TAMARA( AEQ-0009 )  appraisal Nov 2022 has not yet been processed', 'scorecards/Appraisal/index/2022/11', 'ALRT', 0, 0, '2022-12-21 10:17:18'),
	('100102222309752841', 'AEQ-0010', 'DYAH AYU PALUPI( AEQ-0010 )  appraisal Nov 2022 has not yet been processed', 'scorecards/Appraisal/index/2022/11', 'ALRT', 0, 0, '2022-12-21 10:17:18'),
	('100102222309752842', 'AEQ-0011', 'FADHLI ADHITYA RAMADHIKA( AEQ-0011 )  appraisal Nov 2022 has not yet been processed', 'scorecards/Appraisal/index/2022/11', 'ALRT', 0, 0, '2022-12-21 10:17:18'),
	('100102222309752843', 'AEQ-0012', 'FEBRY POETRA DWI MOENIR( AEQ-0012 )  appraisal Nov 2022 has not yet been processed', 'scorecards/Appraisal/index/2022/11', 'ALRT', 0, 0, '2022-12-21 10:17:18'),
	('100102222309752844', 'AEQ-0014', 'HARI FITRI AGUS SETYAWAN( AEQ-0014 )  appraisal Nov 2022 has not yet been processed', 'scorecards/Appraisal/index/2022/11', 'ALRT', 0, 0, '2022-12-21 10:17:18'),
	('100102222309752845', 'AEQ-0015', 'HARI SETIAWAN( AEQ-0015 )  appraisal Nov 2022 has not yet been processed', 'scorecards/Appraisal/index/2022/11', 'ALRT', 0, 0, '2022-12-21 10:17:18'),
	('100102222309752846', 'AEQ-0016', 'HERMAN YOSEF TRIWIYANTO( AEQ-0016 )  appraisal Nov 2022 has not yet been processed', 'scorecards/Appraisal/index/2022/11', 'ALRT', 0, 0, '2022-12-21 10:17:18'),
	('100102222309752847', 'AEQ-0017', 'IBADURAHMAN HANIF( AEQ-0017 )  appraisal Nov 2022 has not yet been processed', 'scorecards/Appraisal/index/2022/11', 'ALRT', 0, 0, '2022-12-21 10:17:18'),
	('100102222309752848', 'AEQ-0019', 'JALAL BIN WASLI( AEQ-0019 )  appraisal Nov 2022 has not yet been processed', 'scorecards/Appraisal/index/2022/11', 'ALRT', 0, 0, '2022-12-21 10:17:18'),
	('100102222309752849', 'AEQ-0020', 'JOVAN PRATAMA PUTRA( AEQ-0020 )  appraisal Nov 2022 has not yet been processed', 'scorecards/Appraisal/index/2022/11', 'ALRT', 0, 0, '2022-12-21 10:17:18'),
	('100102222309752850', 'AEQ-0021', 'M ARIF RACHMAWAN( AEQ-0021 )  appraisal Nov 2022 has not yet been processed', 'scorecards/Appraisal/index/2022/11', 'ALRT', 0, 0, '2022-12-21 10:17:18'),
	('100102222309752851', 'AEQ-0023', 'MAHMUD ARIPIN( AEQ-0023 )  appraisal Nov 2022 has not yet been processed', 'scorecards/Appraisal/index/2022/11', 'ALRT', 0, 0, '2022-12-21 10:17:18'),
	('100102222309752852', 'AEQ-0024', 'MAMAN RUSMANA( AEQ-0024 )  appraisal Nov 2022 has not yet been processed', 'scorecards/Appraisal/index/2022/11', 'ALRT', 0, 0, '2022-12-21 10:17:18'),
	('100102222309752853', 'AEQ-0025', 'MANSURI( AEQ-0025 )  appraisal Nov 2022 has not yet been processed', 'scorecards/Appraisal/index/2022/11', 'ALRT', 0, 0, '2022-12-21 10:17:18'),
	('100102222309752854', 'AEQ-0026', 'MEILANNY( AEQ-0026 )  appraisal Nov 2022 has not yet been processed', 'scorecards/Appraisal/index/2022/11', 'ALRT', 0, 0, '2022-12-21 10:17:18'),
	('100102222309752855', 'AEQ-0027', 'MELISA DYAH PARASAYU( AEQ-0027 )  appraisal Nov 2022 has not yet been processed', 'scorecards/Appraisal/index/2022/11', 'ALRT', 0, 0, '2022-12-21 10:17:18'),
	('100102222309752856', 'AEQ-0028', 'MIFTAHULIA HASBY( AEQ-0028 )  appraisal Nov 2022 has not yet been processed', 'scorecards/Appraisal/index/2022/11', 'ALRT', 0, 0, '2022-12-21 10:17:18'),
	('100102222309752857', 'AEQ-0030', 'NAHRIFUL ASRI( AEQ-0030 )  appraisal Nov 2022 has not yet been processed', 'scorecards/Appraisal/index/2022/11', 'ALRT', 0, 0, '2022-12-21 10:17:18'),
	('100102222309752858', 'AEQ-0031', 'NUR AZIS SEPTIAN( AEQ-0031 )  appraisal Nov 2022 has not yet been processed', 'scorecards/Appraisal/index/2022/11', 'ALRT', 0, 0, '2022-12-21 10:17:18'),
	('100102222309752859', 'AEQ-0032', 'PANJI INDRA GUNAWAN( AEQ-0032 )  appraisal Nov 2022 has not yet been processed', 'scorecards/Appraisal/index/2022/11', 'ALRT', 0, 0, '2022-12-21 10:17:18'),
	('100102222309752860', 'AEQ-0033', 'RAMANTO TRIWIBOWO( AEQ-0033 )  appraisal Nov 2022 has not yet been processed', 'scorecards/Appraisal/index/2022/11', 'ALRT', 0, 0, '2022-12-21 10:17:18'),
	('100102222309752861', 'AEQ-0035', 'REZA SEPTIANDI( AEQ-0035 )  appraisal Nov 2022 has not yet been processed', 'scorecards/Appraisal/index/2022/11', 'ALRT', 0, 0, '2022-12-21 10:17:18'),
	('100102222309752862', 'AEQ-0036', 'RIKI RUSTAJI( AEQ-0036 )  appraisal Nov 2022 has not yet been processed', 'scorecards/Appraisal/index/2022/11', 'ALRT', 0, 0, '2022-12-21 10:17:18'),
	('100102222309752863', 'AEQ-0037', 'RIZAL DARMAWAN SAHAMTHA( AEQ-0037 )  appraisal Nov 2022 has not yet been processed', 'scorecards/Appraisal/index/2022/11', 'ALRT', 0, 0, '2022-12-21 10:17:18'),
	('100102222309752864', 'AEQ-0038', 'RUDIYONO( AEQ-0038 )  appraisal Nov 2022 has not yet been processed', 'scorecards/Appraisal/index/2022/11', 'ALRT', 0, 0, '2022-12-21 10:17:18'),
	('100102222309752865', 'AEQ-0039', 'SANDI LUKMAN NURHAKIM( AEQ-0039 )  appraisal Nov 2022 has not yet been processed', 'scorecards/Appraisal/index/2022/11', 'ALRT', 0, 0, '2022-12-21 10:17:18'),
	('100102222309752866', 'AEQ-0041', 'SRIYATUN( AEQ-0041 )  appraisal Nov 2022 has not yet been processed', 'scorecards/Appraisal/index/2022/11', 'ALRT', 0, 0, '2022-12-21 10:17:18'),
	('100102222309752867', 'AEQ-0042', 'SUPRA HATMARA( AEQ-0042 )  appraisal Nov 2022 has not yet been processed', 'scorecards/Appraisal/index/2022/11', 'ALRT', 0, 0, '2022-12-21 10:17:18'),
	('100102222309752868', 'AEQ-0043', 'SUSI MAESAROH( AEQ-0043 )  appraisal Nov 2022 has not yet been processed', 'scorecards/Appraisal/index/2022/11', 'ALRT', 0, 0, '2022-12-21 10:17:18'),
	('100102222309752869', 'AEQ-0044', 'SYAIFULLAH UMAR( AEQ-0044 )  appraisal Nov 2022 has not yet been processed', 'scorecards/Appraisal/index/2022/11', 'ALRT', 0, 0, '2022-12-21 10:17:18'),
	('100102222309752870', 'AEQ-0046', 'TRI CAHYADI( AEQ-0046 )  appraisal Nov 2022 has not yet been processed', 'scorecards/Appraisal/index/2022/11', 'ALRT', 0, 0, '2022-12-21 10:17:18'),
	('100102222309752871', 'AEQ-0047', 'TRIO AGMY( AEQ-0047 )  appraisal Nov 2022 has not yet been processed', 'scorecards/Appraisal/index/2022/11', 'ALRT', 0, 0, '2022-12-21 10:17:18'),
	('100102222309752872', 'AEQ-0048', 'URIP JUMAEDI( AEQ-0048 )  appraisal Nov 2022 has not yet been processed', 'scorecards/Appraisal/index/2022/11', 'ALRT', 0, 0, '2022-12-21 10:17:18'),
	('100102222309752873', 'AEQ-0049', 'VITA YULIANA SUDIARTI( AEQ-0049 )  appraisal Nov 2022 has not yet been processed', 'scorecards/Appraisal/index/2022/11', 'ALRT', 0, 0, '2022-12-21 10:17:18'),
	('100102222309752874', 'AEQ-0051', 'WAWAN DERMAWAN( AEQ-0051 )  appraisal Nov 2022 has not yet been processed', 'scorecards/Appraisal/index/2022/11', 'ALRT', 0, 0, '2022-12-21 10:17:18'),
	('100102222309752875', 'AEQ-0052', 'WILDAN FIRDAUS( AEQ-0052 )  appraisal Nov 2022 has not yet been processed', 'scorecards/Appraisal/index/2022/11', 'ALRT', 0, 0, '2022-12-21 10:17:18'),
	('100102222309752876', 'AEQ-0053', 'RAHMA DIAH ZUHROINI( AEQ-0053 )  appraisal Nov 2022 has not yet been processed', 'scorecards/Appraisal/index/2022/11', 'ALRT', 0, 0, '2022-12-21 10:17:18'),
	('100102222309752877', 'CAP-0001', 'SAHIRAN RUSLI( CAP-0001 )  appraisal Nov 2022 has not yet been processed', 'scorecards/Appraisal/index/2022/11', 'ALRT', 0, 0, '2022-12-21 10:17:18'),
	('100102222309752878', 'CAP-0002', 'SHIGETAKA HORIUCHI( CAP-0002 )  appraisal Nov 2022 has not yet been processed', 'scorecards/Appraisal/index/2022/11', 'ALRT', 0, 0, '2022-12-21 10:17:18'),
	('100102222309752879', 'CAP-0003', 'RIAD IKHWANI( CAP-0003 )  appraisal Nov 2022 has not yet been processed', 'scorecards/Appraisal/index/2022/11', 'ALRT', 0, 0, '2022-12-21 10:17:18'),
	('100102222309752880', 'CAP-0004', 'SUTRISNO( CAP-0004 )  appraisal Nov 2022 has not yet been processed', 'scorecards/Appraisal/index/2022/11', 'ALRT', 0, 0, '2022-12-21 10:17:18'),
	('100102222309752881', 'CAP-0005', 'ATIK WINDARYATI( CAP-0005 )  appraisal Nov 2022 has not yet been processed', 'scorecards/Appraisal/index/2022/11', 'ALRT', 0, 0, '2022-12-21 10:17:18'),
	('100102222309752882', 'CAP-0006', 'INAYA RATNA ASMARANI( CAP-0006 )  appraisal Nov 2022 has not yet been processed', 'scorecards/Appraisal/index/2022/11', 'ALRT', 0, 0, '2022-12-21 10:17:18'),
	('100102222309752883', 'CAP-0008', 'BAGUS RIADI( CAP-0008 )  appraisal Nov 2022 has not yet been processed', 'scorecards/Appraisal/index/2022/11', 'ALRT', 0, 0, '2022-12-21 10:17:18'),
	('100102222309752884', 'CAP-0009', 'NUR ALFIAN( CAP-0009 )  appraisal Nov 2022 has not yet been processed', 'scorecards/Appraisal/index/2022/11', 'ALRT', 0, 0, '2022-12-21 10:17:18'),
	('100102222309752885', 'CAP-0010', 'ROLAND WIDYANTORO( CAP-0010 )  appraisal Nov 2022 has not yet been processed', 'scorecards/Appraisal/index/2022/11', 'ALRT', 0, 0, '2022-12-21 10:17:18'),
	('100102222309752886', 'CAP-0011', 'RHEINA VANINDYANI( CAP-0011 )  appraisal Nov 2022 has not yet been processed', 'scorecards/Appraisal/index/2022/11', 'ALRT', 0, 0, '2022-12-21 10:17:18'),
	('100102222309752887', 'CAP-0013', 'BILLY YOSAFAT( CAP-0013 )  appraisal Nov 2022 has not yet been processed', 'scorecards/Appraisal/index/2022/11', 'ALRT', 0, 0, '2022-12-21 10:17:18'),
	('100102222309752888', 'CAP-0014', 'SUPRIYANTO( CAP-0014 )  appraisal Nov 2022 has not yet been processed', 'scorecards/Appraisal/index/2022/11', 'ALRT', 0, 0, '2022-12-21 10:17:18'),
	('100102222309752889', 'CAP-0015', 'ANNISA TIARA KESUMA( CAP-0015 )  appraisal Nov 2022 has not yet been processed', 'scorecards/Appraisal/index/2022/11', 'ALRT', 0, 0, '2022-12-21 10:17:18'),
	('100102222309752890', 'CAP-0016', 'YESI WALUYATI( CAP-0016 )  appraisal Nov 2022 has not yet been processed', 'scorecards/Appraisal/index/2022/11', 'ALRT', 0, 0, '2022-12-21 10:17:18'),
	('100102222309752891', 'CAP-0017', 'MEIGITA INTAN SUCIKINASIH( CAP-0017 )  appraisal Nov 2022 has not yet been processed', 'scorecards/Appraisal/index/2022/11', 'ALRT', 0, 0, '2022-12-21 10:17:18'),
	('100102222309752892', 'CAP-0018', 'DONNA SUCI RAKHMAWATI( CAP-0018 )  appraisal Nov 2022 has not yet been processed', 'scorecards/Appraisal/index/2022/11', 'ALRT', 0, 0, '2022-12-21 10:17:18'),
	('100102222309752893', 'CAP-0021', 'JOSUA ROLAMDO( CAP-0021 )  appraisal Nov 2022 has not yet been processed', 'scorecards/Appraisal/index/2022/11', 'ALRT', 0, 0, '2022-12-21 10:17:18'),
	('100102222309752894', 'CAP-0022', 'RACHMAWATI ZULAYHA( CAP-0022 )  appraisal Nov 2022 has not yet been processed', 'scorecards/Appraisal/index/2022/11', 'ALRT', 0, 0, '2022-12-21 10:17:18'),
	('100102222309752895', 'OBAI-0001', 'ACHMAD SUHENDRA( OBAI-0001 )  appraisal Nov 2022 has not yet been processed', 'scorecards/Appraisal/index/2022/11', 'ALRT', 0, 0, '2022-12-21 10:17:18'),
	('100102222309752896', 'OBAI-0002', 'ADE KURNIA LARASATI WIJAYA( OBAI-0002 )  appraisal Nov 2022 has not yet been processed', 'scorecards/Appraisal/index/2022/11', 'ALRT', 0, 0, '2022-12-21 10:17:18'),
	('100102222309752897', 'OBAI-0003', 'ADHA IRAWAN( OBAI-0003 )  appraisal Nov 2022 has not yet been processed', 'scorecards/Appraisal/index/2022/11', 'ALRT', 0, 0, '2022-12-21 10:17:18'),
	('100102222309752898', 'OBAI-0004', 'ADI DWISASMITO( OBAI-0004 )  appraisal Nov 2022 has not yet been processed', 'scorecards/Appraisal/index/2022/11', 'ALRT', 0, 0, '2022-12-21 10:17:18'),
	('100102222309752899', 'OBAI-0005', 'ADI SABARA( OBAI-0005 )  appraisal Nov 2022 has not yet been processed', 'scorecards/Appraisal/index/2022/11', 'ALRT', 0, 0, '2022-12-21 10:17:18'),
	('100102222309752900', 'OBAI-0006', 'ADNAN( OBAI-0006 )  appraisal Nov 2022 has not yet been processed', 'scorecards/Appraisal/index/2022/11', 'ALRT', 0, 0, '2022-12-21 10:17:18'),
	('100102222309752901', 'OBAI-0007', 'AGUNG WICAKSONO( OBAI-0007 )  appraisal Nov 2022 has not yet been processed', 'scorecards/Appraisal/index/2022/11', 'ALRT', 0, 0, '2022-12-21 10:17:18'),
	('100102222309752902', 'OBAI-0008', 'AGUS WAHYUDI( OBAI-0008 )  appraisal Nov 2022 has not yet been processed', 'scorecards/Appraisal/index/2022/11', 'ALRT', 0, 0, '2022-12-21 10:17:18'),
	('100102222309752903', 'OBAI-0009', 'AJAT( OBAI-0009 )  appraisal Nov 2022 has not yet been processed', 'scorecards/Appraisal/index/2022/11', 'ALRT', 0, 0, '2022-12-21 10:17:18'),
	('100102222309752904', 'OBAI-0010', 'ANDRY( OBAI-0010 )  appraisal Nov 2022 has not yet been processed', 'scorecards/Appraisal/index/2022/11', 'ALRT', 0, 0, '2022-12-21 10:17:18'),
	('100102222309752905', 'OBAI-0011', 'APRILIA NUR AFIFAH( OBAI-0011 )  appraisal Nov 2022 has not yet been processed', 'scorecards/Appraisal/index/2022/11', 'ALRT', 0, 0, '2022-12-21 10:17:18'),
	('100102222309752906', 'OBAI-0012', 'ARDI JAYANTO( OBAI-0012 )  appraisal Nov 2022 has not yet been processed', 'scorecards/Appraisal/index/2022/11', 'ALRT', 0, 0, '2022-12-21 10:17:18'),
	('100102222309752907', 'OBAI-0013', 'ARFANDIANTO( OBAI-0013 )  appraisal Nov 2022 has not yet been processed', 'scorecards/Appraisal/index/2022/11', 'ALRT', 0, 0, '2022-12-21 10:17:18'),
	('100102222309752908', 'OBAI-0014', 'ATA SAPUTRA( OBAI-0014 )  appraisal Nov 2022 has not yet been processed', 'scorecards/Appraisal/index/2022/11', 'ALRT', 0, 0, '2022-12-21 10:17:18'),
	('100102222309752909', 'OBAI-0015', 'BAMBANG HENDRO PRAYITNO( OBAI-0015 )  appraisal Nov 2022 has not yet been processed', 'scorecards/Appraisal/index/2022/11', 'ALRT', 0, 0, '2022-12-21 10:17:18'),
	('100102222309752910', 'OBAI-0016', 'BENEDIKTUS BELIKO SITANGGANG( OBAI-0016 )  appraisal Nov 2022 has not yet been processed', 'scorecards/Appraisal/index/2022/11', 'ALRT', 0, 0, '2022-12-21 10:17:18'),
	('100102222309752911', 'OBAI-0017', 'BUDIYONO( OBAI-0017 )  appraisal Nov 2022 has not yet been processed', 'scorecards/Appraisal/index/2022/11', 'ALRT', 0, 0, '2022-12-21 10:17:18'),
	('100102222309752912', 'OBAI-0018', 'CANDRA ROMADONA( OBAI-0018 )  appraisal Nov 2022 has not yet been processed', 'scorecards/Appraisal/index/2022/11', 'ALRT', 0, 0, '2022-12-21 10:17:18'),
	('100102222309752913', 'OBAI-0019', 'CIKA EPIA( OBAI-0019 )  appraisal Nov 2022 has not yet been processed', 'scorecards/Appraisal/index/2022/11', 'ALRT', 0, 0, '2022-12-21 10:17:18'),
	('100102222309752914', 'OBAI-0020', 'DARUSSALAM( OBAI-0020 )  appraisal Nov 2022 has not yet been processed', 'scorecards/Appraisal/index/2022/11', 'ALRT', 0, 0, '2022-12-21 10:17:18'),
	('100102222309752915', 'OBAI-0021', 'DASUKI( OBAI-0021 )  appraisal Nov 2022 has not yet been processed', 'scorecards/Appraisal/index/2022/11', 'ALRT', 0, 0, '2022-12-21 10:17:18'),
	('100102222309752916', 'OBAI-0022', 'DEDI APRIYADI( OBAI-0022 )  appraisal Nov 2022 has not yet been processed', 'scorecards/Appraisal/index/2022/11', 'ALRT', 0, 0, '2022-12-21 10:17:18'),
	('100102222309752917', 'OBAI-0023', 'DENIS KAMAJAYA( OBAI-0023 )  appraisal Nov 2022 has not yet been processed', 'scorecards/Appraisal/index/2022/11', 'ALRT', 0, 0, '2022-12-21 10:17:18'),
	('100102222309752918', 'OBAI-0024', 'DIRMAN( OBAI-0024 )  appraisal Nov 2022 has not yet been processed', 'scorecards/Appraisal/index/2022/11', 'ALRT', 0, 0, '2022-12-21 10:17:18'),
	('100102222309752919', 'OBAI-0025', 'DWI SETYO WIRENI( OBAI-0025 )  appraisal Nov 2022 has not yet been processed', 'scorecards/Appraisal/index/2022/11', 'ALRT', 0, 0, '2022-12-21 10:17:18'),
	('100102222309752920', 'OBAI-0026', 'EKO SUSANTO( OBAI-0026 )  appraisal Nov 2022 has not yet been processed', 'scorecards/Appraisal/index/2022/11', 'ALRT', 0, 0, '2022-12-21 10:17:18'),
	('100102222309752921', 'OBAI-0027', 'EKO WIDAYANTO( OBAI-0027 )  appraisal Nov 2022 has not yet been processed', 'scorecards/Appraisal/index/2022/11', 'ALRT', 0, 0, '2022-12-21 10:17:18'),
	('100102222309752922', 'OBAI-0028', 'ENDRA SAPUTRA( OBAI-0028 )  appraisal Nov 2022 has not yet been processed', 'scorecards/Appraisal/index/2022/11', 'ALRT', 0, 0, '2022-12-21 10:17:18'),
	('100102222309752923', 'OBAI-0029', 'ERMAN WIGUNA( OBAI-0029 )  appraisal Nov 2022 has not yet been processed', 'scorecards/Appraisal/index/2022/11', 'ALRT', 0, 0, '2022-12-21 10:17:18'),
	('100102222309752924', 'OBAI-0030', 'FAHMI FAUZI( OBAI-0030 )  appraisal Nov 2022 has not yet been processed', 'scorecards/Appraisal/index/2022/11', 'ALRT', 0, 0, '2022-12-21 10:17:18'),
	('100102222309752925', 'OBAI-0031', 'FITRI KOMALASARI( OBAI-0031 )  appraisal Nov 2022 has not yet been processed', 'scorecards/Appraisal/index/2022/11', 'ALRT', 0, 0, '2022-12-21 10:17:18'),
	('100102222309752926', 'OBAI-0032', 'FX TERRY TEGAR ARDHI SUSENO( OBAI-0032 )  appraisal Nov 2022 has not yet been processed', 'scorecards/Appraisal/index/2022/11', 'ALRT', 0, 0, '2022-12-21 10:17:18'),
	('100102222309752927', 'OBAI-0033', 'HARI DWIYANTO( OBAI-0033 )  appraisal Nov 2022 has not yet been processed', 'scorecards/Appraisal/index/2022/11', 'ALRT', 0, 0, '2022-12-21 10:17:18'),
	('100102222309752928', 'OBAI-0034', 'IKA RISNAWATI( OBAI-0034 )  appraisal Nov 2022 has not yet been processed', 'scorecards/Appraisal/index/2022/11', 'ALRT', 0, 0, '2022-12-21 10:17:18'),
	('100102222309752929', 'OBAI-0035', 'ILHAM PRASETYO( OBAI-0035 )  appraisal Nov 2022 has not yet been processed', 'scorecards/Appraisal/index/2022/11', 'ALRT', 0, 0, '2022-12-21 10:17:18'),
	('100102222309752930', 'OBAI-0036', 'ISNAL IRDIANSYAH( OBAI-0036 )  appraisal Nov 2022 has not yet been processed', 'scorecards/Appraisal/index/2022/11', 'ALRT', 0, 0, '2022-12-21 10:17:18'),
	('100102222309752931', 'OBAI-0037', 'JAJA MIHARJA( OBAI-0037 )  appraisal Nov 2022 has not yet been processed', 'scorecards/Appraisal/index/2022/11', 'ALRT', 0, 0, '2022-12-21 10:17:18'),
	('100102222309752932', 'OBAI-0038', 'JEJE JAEDUROHMAN( OBAI-0038 )  appraisal Nov 2022 has not yet been processed', 'scorecards/Appraisal/index/2022/11', 'ALRT', 0, 0, '2022-12-21 10:17:18'),
	('100102222309752933', 'OBAI-0039', 'KOMARA APRIATNA( OBAI-0039 )  appraisal Nov 2022 has not yet been processed', 'scorecards/Appraisal/index/2022/11', 'ALRT', 0, 0, '2022-12-21 10:17:18'),
	('100102222309752934', 'OBAI-0040', 'KUSNO( OBAI-0040 )  appraisal Nov 2022 has not yet been processed', 'scorecards/Appraisal/index/2022/11', 'ALRT', 0, 0, '2022-12-21 10:17:18'),
	('100102222309752935', 'OBAI-0041', 'LINA AGUSTIA( OBAI-0041 )  appraisal Nov 2022 has not yet been processed', 'scorecards/Appraisal/index/2022/11', 'ALRT', 0, 0, '2022-12-21 10:17:18'),
	('100102222309752936', 'OBAI-0042', 'LINDA AMALIA( OBAI-0042 )  appraisal Nov 2022 has not yet been processed', 'scorecards/Appraisal/index/2022/11', 'ALRT', 0, 0, '2022-12-21 10:17:18'),
	('100102222309752937', 'OBAI-0043', 'LUSY PERMATAHATI( OBAI-0043 )  appraisal Nov 2022 has not yet been processed', 'scorecards/Appraisal/index/2022/11', 'ALRT', 0, 0, '2022-12-21 10:17:18'),
	('100102222309752938', 'OBAI-0044', 'MARGONO( OBAI-0044 )  appraisal Nov 2022 has not yet been processed', 'scorecards/Appraisal/index/2022/11', 'ALRT', 0, 0, '2022-12-21 10:17:18'),
	('100102222309752939', 'OBAI-0045', 'MEI KUSTIANTO( OBAI-0045 )  appraisal Nov 2022 has not yet been processed', 'scorecards/Appraisal/index/2022/11', 'ALRT', 0, 0, '2022-12-21 10:17:18'),
	('100102222309752940', 'OBAI-0046', 'MOCHAMAD ARDIANSYAH BIN KOSASIH( OBAI-0046 )  appraisal Nov 2022 has not yet been processed', 'scorecards/Appraisal/index/2022/11', 'ALRT', 0, 0, '2022-12-21 10:17:18'),
	('100102222309752941', 'OBAI-0047', 'MUHAMAD SYARIF( OBAI-0047 )  appraisal Nov 2022 has not yet been processed', 'scorecards/Appraisal/index/2022/11', 'ALRT', 0, 0, '2022-12-21 10:17:18'),
	('100102222309752942', 'OBAI-0049', 'MULYONO( OBAI-0049 )  appraisal Nov 2022 has not yet been processed', 'scorecards/Appraisal/index/2022/11', 'ALRT', 0, 0, '2022-12-21 10:17:18'),
	('100102222309752943', 'OBAI-0050', 'NANA SURYANA( OBAI-0050 )  appraisal Nov 2022 has not yet been processed', 'scorecards/Appraisal/index/2022/11', 'ALRT', 0, 0, '2022-12-21 10:17:18'),
	('100102222309752944', 'OBAI-0051', 'NARJA BIN NAMIN( OBAI-0051 )  appraisal Nov 2022 has not yet been processed', 'scorecards/Appraisal/index/2022/11', 'ALRT', 0, 0, '2022-12-21 10:17:18'),
	('100102222309752945', 'OBAI-0052', 'NISIABELA KARTIKA PANGEMANAN( OBAI-0052 )  appraisal Nov 2022 has not yet been processed', 'scorecards/Appraisal/index/2022/11', 'ALRT', 0, 0, '2022-12-21 10:17:18'),
	('100102222309752946', 'OBAI-0053', 'OLSEN PANGIHUTAN( OBAI-0053 )  appraisal Nov 2022 has not yet been processed', 'scorecards/Appraisal/index/2022/11', 'ALRT', 0, 0, '2022-12-21 10:17:18'),
	('100102222309752947', 'OBAI-0054', 'RAHMAT AKBAR( OBAI-0054 )  appraisal Nov 2022 has not yet been processed', 'scorecards/Appraisal/index/2022/11', 'ALRT', 0, 0, '2022-12-21 10:17:18'),
	('100102222309752948', 'OBAI-0055', 'RICKY DE GUZMAN( OBAI-0055 )  appraisal Nov 2022 has not yet been processed', 'scorecards/Appraisal/index/2022/11', 'ALRT', 0, 0, '2022-12-21 10:17:18'),
	('100102222309752949', 'OBAI-0056', 'RIESA NOVAJ NURUL ARSY( OBAI-0056 )  appraisal Nov 2022 has not yet been processed', 'scorecards/Appraisal/index/2022/11', 'ALRT', 0, 0, '2022-12-21 10:17:18'),
	('100102222309752950', 'OBAI-0057', 'RIZAL( OBAI-0057 )  appraisal Nov 2022 has not yet been processed', 'scorecards/Appraisal/index/2022/11', 'ALRT', 0, 0, '2022-12-21 10:17:18'),
	('100102222309752951', 'OBAI-0058', 'RIZKI PANGESTU PUTRA( OBAI-0058 )  appraisal Nov 2022 has not yet been processed', 'scorecards/Appraisal/index/2022/11', 'ALRT', 0, 0, '2022-12-21 10:17:18'),
	('100102222309752952', 'OBAI-0059', 'ROFIQ MUZAYIN( OBAI-0059 )  appraisal Nov 2022 has not yet been processed', 'scorecards/Appraisal/index/2022/11', 'ALRT', 0, 0, '2022-12-21 10:17:18'),
	('100102222309752953', 'OBAI-0060', 'ROHIMIN( OBAI-0060 )  appraisal Nov 2022 has not yet been processed', 'scorecards/Appraisal/index/2022/11', 'ALRT', 0, 0, '2022-12-21 10:17:18'),
	('100102222309752954', 'OBAI-0061', 'RUDIAWAN SIDIK PERMANA( OBAI-0061 )  appraisal Nov 2022 has not yet been processed', 'scorecards/Appraisal/index/2022/11', 'ALRT', 0, 0, '2022-12-21 10:17:18'),
	('100102222309752955', 'OBAI-0062', 'SABAR( OBAI-0062 )  appraisal Nov 2022 has not yet been processed', 'scorecards/Appraisal/index/2022/11', 'ALRT', 0, 0, '2022-12-21 10:17:18'),
	('100102222309752956', 'OBAI-0063', 'SAIFUL RIDWAN( OBAI-0063 )  appraisal Nov 2022 has not yet been processed', 'scorecards/Appraisal/index/2022/11', 'ALRT', 0, 0, '2022-12-21 10:17:18'),
	('100102222309752957', 'OBAI-0064', 'SASMITA( OBAI-0064 )  appraisal Nov 2022 has not yet been processed', 'scorecards/Appraisal/index/2022/11', 'ALRT', 0, 0, '2022-12-21 10:17:18'),
	('100102222309752958', 'OBAI-0065', 'SIGIT CAHYONO( OBAI-0065 )  appraisal Nov 2022 has not yet been processed', 'scorecards/Appraisal/index/2022/11', 'ALRT', 0, 0, '2022-12-21 10:17:18'),
	('100102222309752959', 'OBAI-0066', 'SIM CHONG LIAN( OBAI-0066 )  appraisal Nov 2022 has not yet been processed', 'scorecards/Appraisal/index/2022/11', 'ALRT', 0, 0, '2022-12-21 10:17:18'),
	('100102222309752960', 'OBAI-0067', 'SISWANTORO( OBAI-0067 )  appraisal Nov 2022 has not yet been processed', 'scorecards/Appraisal/index/2022/11', 'ALRT', 0, 0, '2022-12-21 10:17:18'),
	('100102222309752961', 'OBAI-0068', 'SLAMET RIYADI( OBAI-0068 )  appraisal Nov 2022 has not yet been processed', 'scorecards/Appraisal/index/2022/11', 'ALRT', 0, 0, '2022-12-21 10:17:18'),
	('100102222309752962', 'OBAI-0069', 'SUBHAN MUTTAKIN( OBAI-0069 )  appraisal Nov 2022 has not yet been processed', 'scorecards/Appraisal/index/2022/11', 'ALRT', 0, 0, '2022-12-21 10:17:18'),
	('100102222309752963', 'OBAI-0070', 'SUBIYANTO( OBAI-0070 )  appraisal Nov 2022 has not yet been processed', 'scorecards/Appraisal/index/2022/11', 'ALRT', 0, 0, '2022-12-21 10:17:18'),
	('100102222309752964', 'OBAI-0071', 'SUHARJA( OBAI-0071 )  appraisal Nov 2022 has not yet been processed', 'scorecards/Appraisal/index/2022/11', 'ALRT', 0, 0, '2022-12-21 10:17:18'),
	('100102222309752965', 'OBAI-0072', 'TOHALI( OBAI-0072 )  appraisal Nov 2022 has not yet been processed', 'scorecards/Appraisal/index/2022/11', 'ALRT', 0, 0, '2022-12-21 10:17:18'),
	('100102222309752966', 'OBAI-0073', 'TRI BAYU AZI( OBAI-0073 )  appraisal Nov 2022 has not yet been processed', 'scorecards/Appraisal/index/2022/11', 'ALRT', 0, 0, '2022-12-21 10:17:18'),
	('100102222309752967', 'OBAI-0074', 'TRI SANTOSO( OBAI-0074 )  appraisal Nov 2022 has not yet been processed', 'scorecards/Appraisal/index/2022/11', 'ALRT', 0, 0, '2022-12-21 10:17:18'),
	('100102222309752968', 'OBAI-0075', 'TRIYONO( OBAI-0075 )  appraisal Nov 2022 has not yet been processed', 'scorecards/Appraisal/index/2022/11', 'ALRT', 0, 0, '2022-12-21 10:17:18'),
	('100102222309752969', 'OBAI-0076', 'WIDIARI SETIAWAN( OBAI-0076 )  appraisal Nov 2022 has not yet been processed', 'scorecards/Appraisal/index/2022/11', 'ALRT', 0, 0, '2022-12-21 10:17:18'),
	('100102222309752970', 'OBAI-0077', 'YOGGA RIZKY SYAHADA( OBAI-0077 )  appraisal Nov 2022 has not yet been processed', 'scorecards/Appraisal/index/2022/11', 'ALRT', 0, 0, '2022-12-21 10:17:18'),
	('100102222309752971', 'OBAI-0078', 'YUDI IRAWAN( OBAI-0078 )  appraisal Nov 2022 has not yet been processed', 'scorecards/Appraisal/index/2022/11', 'ALRT', 0, 0, '2022-12-21 10:17:18'),
	('100102222309752972', 'OBAI-0079', 'ZENI ZULFIKAR( OBAI-0079 )  appraisal Nov 2022 has not yet been processed', 'scorecards/Appraisal/index/2022/11', 'ALRT', 0, 0, '2022-12-21 10:17:18'),
	('100102222309752973', 'OBAI-0080', 'ZURIYANTI( OBAI-0080 )  appraisal Nov 2022 has not yet been processed', 'scorecards/Appraisal/index/2022/11', 'ALRT', 0, 0, '2022-12-21 10:17:18'),
	('100102222309752974', 'OBAI-0081', 'SUDANI( OBAI-0081 )  appraisal Nov 2022 has not yet been processed', 'scorecards/Appraisal/index/2022/11', 'ALRT', 0, 0, '2022-12-21 10:17:18'),
	('100102222309752975', 'OBAI-0082', 'WAHYU TRI JULIAWAN( OBAI-0082 )  appraisal Nov 2022 has not yet been processed', 'scorecards/Appraisal/index/2022/11', 'ALRT', 0, 0, '2022-12-21 10:17:18'),
	('100102222309752976', 'OBAI-0083', 'TRIYANTO( OBAI-0083 )  appraisal Nov 2022 has not yet been processed', 'scorecards/Appraisal/index/2022/11', 'ALRT', 0, 0, '2022-12-21 10:17:18'),
	('100102222309752977', 'OBAI-0084', 'MOHAMAD FARHAN RIZKY KENCANA( OBAI-0084 )  appraisal Nov 2022 has not yet been processed', 'scorecards/Appraisal/index/2022/11', 'ALRT', 0, 0, '2022-12-21 10:17:18'),
	('100102222309752978', 'TAJ-0001', 'OKVI SISKAWATI( TAJ-0001 )  appraisal Nov 2022 has not yet been processed', 'scorecards/Appraisal/index/2022/11', 'ALRT', 0, 0, '2022-12-21 10:17:18'),
	('100102222309752979', 'TAJ-0002', 'PARMAN( TAJ-0002 )  appraisal Nov 2022 has not yet been processed', 'scorecards/Appraisal/index/2022/11', 'ALRT', 0, 0, '2022-12-21 10:17:18'),
	('100102222309752980', 'TAJ-0003', 'AHMAD INDRA PURNAMA( TAJ-0003 )  appraisal Nov 2022 has not yet been processed', 'scorecards/Appraisal/index/2022/11', 'ALRT', 0, 0, '2022-12-21 10:17:18'),
	('100102222309752981', 'TAJ-0004', 'RIZKY DWI KURNIAWAN( TAJ-0004 )  appraisal Nov 2022 has not yet been processed', 'scorecards/Appraisal/index/2022/11', 'ALRT', 0, 0, '2022-12-21 10:17:18'),
	('100102222309752982', 'TAJ-0006', 'WASIS( TAJ-0006 )  appraisal Nov 2022 has not yet been processed', 'scorecards/Appraisal/index/2022/11', 'ALRT', 0, 0, '2022-12-21 10:17:18'),
	('100102222309752983', 'TAJ-0007', 'RULI HENDRIANA( TAJ-0007 )  appraisal Nov 2022 has not yet been processed', 'scorecards/Appraisal/index/2022/11', 'ALRT', 0, 0, '2022-12-21 10:17:18'),
	('100102222309752984', 'TAJ-0008', 'DIAN SAPUTRA( TAJ-0008 )  appraisal Nov 2022 has not yet been processed', 'scorecards/Appraisal/index/2022/11', 'ALRT', 0, 0, '2022-12-21 10:17:18'),
	('100102222309752985', 'TAJ-0009', 'TRI WISMO BAGUS PRABOWO( TAJ-0009 )  appraisal Nov 2022 has not yet been processed', 'scorecards/Appraisal/index/2022/11', 'ALRT', 0, 0, '2022-12-21 10:17:18'),
	('100102222309752986', 'TAVI-0001', 'GISELA MARIA SUMEISEY( TAVI-0001 )  appraisal Nov 2022 has not yet been processed', 'scorecards/Appraisal/index/2022/11', 'ALRT', 0, 0, '2022-12-21 10:17:18'),
	('100102222309752987', 'TAVI-0002', 'SHAFIRA KHAIRANI( TAVI-0002 )  appraisal Nov 2022 has not yet been processed', 'scorecards/Appraisal/index/2022/11', 'ALRT', 0, 0, '2022-12-21 10:17:18'),
	('100102222309752988', 'TAVI-0003', 'FAJAR MUHAMAD( TAVI-0003 )  appraisal Nov 2022 has not yet been processed', 'scorecards/Appraisal/index/2022/11', 'ALRT', 0, 0, '2022-12-21 10:17:18'),
	('100102222309752989', 'TSI-0001', 'DAMIEN LIM( TSI-0001 )  appraisal Nov 2022 has not yet been processed', 'scorecards/Appraisal/index/2022/11', 'ALRT', 0, 0, '2022-12-21 10:17:18'),
	('100102222309752990', 'TSI-0002', 'CORNELIA NOVIANTI( TSI-0002 )  appraisal Nov 2022 has not yet been processed', 'scorecards/Appraisal/index/2022/11', 'ALRT', 0, 0, '2022-12-21 10:17:18'),
	('100102222309752991', 'TSI-0003', 'MAUREEN TJOKRO( TSI-0003 )  appraisal Nov 2022 has not yet been processed', 'scorecards/Appraisal/index/2022/11', 'ALRT', 0, 0, '2022-12-21 10:17:18'),
	('100102222309752992', 'TTI-0001', 'KADARISMAN( TTI-0001 )  appraisal Nov 2022 has not yet been processed', 'scorecards/Appraisal/index/2022/11', 'ALRT', 0, 0, '2022-12-21 10:17:18'),
	('100102222309752993', 'TTI-0002', 'DIDIK SUKARYO( TTI-0002 )  appraisal Nov 2022 has not yet been processed', 'scorecards/Appraisal/index/2022/11', 'ALRT', 0, 0, '2022-12-21 10:17:18'),
	('100102222309752994', 'TTI-0003', 'HERI PURWANTO( TTI-0003 )  appraisal Nov 2022 has not yet been processed', 'scorecards/Appraisal/index/2022/11', 'ALRT', 0, 0, '2022-12-21 10:17:18'),
	('100102222309752995', 'TTI-0004', 'AFIFAH( TTI-0004 )  appraisal Nov 2022 has not yet been processed', 'scorecards/Appraisal/index/2022/11', 'ALRT', 0, 0, '2022-12-21 10:17:18'),
	('100102222309752996', 'TTI-0005', 'MUZAKAR MUSTAK AMIN( TTI-0005 )  appraisal Nov 2022 has not yet been processed', 'scorecards/Appraisal/index/2022/11', 'ALRT', 0, 0, '2022-12-21 10:17:18'),
	('100102222309752997', 'TTI-0006', 'PURNOMO HADI KUSUMO( TTI-0006 )  appraisal Nov 2022 has not yet been processed', 'scorecards/Appraisal/index/2022/11', 'ALRT', 0, 0, '2022-12-21 10:17:18'),
	('100102222309752998', 'TTI-0007', 'SARMIN( TTI-0007 )  appraisal Nov 2022 has not yet been processed', 'scorecards/Appraisal/index/2022/11', 'ALRT', 0, 0, '2022-12-21 10:17:18'),
	('100102222309752999', 'TTI-0008', 'HAPPY NINA DYAH( TTI-0008 )  appraisal Nov 2022 has not yet been processed', 'scorecards/Appraisal/index/2022/11', 'ALRT', 0, 0, '2022-12-21 10:17:18'),
	('100102222309753000', 'TTI-0009', 'SATIYO( TTI-0009 )  appraisal Nov 2022 has not yet been processed', 'scorecards/Appraisal/index/2022/11', 'ALRT', 0, 0, '2022-12-21 10:17:18'),
	('100102222309753001', 'TTI-0010', 'JAUHARUDIN( TTI-0010 )  appraisal Nov 2022 has not yet been processed', 'scorecards/Appraisal/index/2022/11', 'ALRT', 0, 0, '2022-12-21 10:17:18'),
	('100102222309753002', 'TTI-0011', 'FREDYANTO SAPUTRO( TTI-0011 )  appraisal Nov 2022 has not yet been processed', 'scorecards/Appraisal/index/2022/11', 'ALRT', 0, 0, '2022-12-21 10:17:18'),
	('100102222309753003', 'TTI-0012', 'KAMDI MUJIYAT( TTI-0012 )  appraisal Nov 2022 has not yet been processed', 'scorecards/Appraisal/index/2022/11', 'ALRT', 0, 0, '2022-12-21 10:17:18'),
	('100102222309753004', 'TTI-0013', 'DUDUNG( TTI-0013 )  appraisal Nov 2022 has not yet been processed', 'scorecards/Appraisal/index/2022/11', 'ALRT', 0, 0, '2022-12-21 10:17:18'),
	('100102222309753005', 'TTI-0014', 'SITI FATIMAH( TTI-0014 )  appraisal Nov 2022 has not yet been processed', 'scorecards/Appraisal/index/2022/11', 'ALRT', 0, 0, '2022-12-21 10:17:18'),
	('100102222309753006', 'TTI-0015', 'ARIF MULYANA( TTI-0015 )  appraisal Nov 2022 has not yet been processed', 'scorecards/Appraisal/index/2022/11', 'ALRT', 0, 0, '2022-12-21 10:17:18'),
	('100102222309753007', 'TTI-0016', 'ASEP ASYAIB SULAEMAN( TTI-0016 )  appraisal Nov 2022 has not yet been processed', 'scorecards/Appraisal/index/2022/11', 'ALRT', 0, 0, '2022-12-21 10:17:18'),
	('100102222309753008', 'TTI-0017', 'BUDI YANTO( TTI-0017 )  appraisal Nov 2022 has not yet been processed', 'scorecards/Appraisal/index/2022/11', 'ALRT', 0, 0, '2022-12-21 10:17:18'),
	('100102222309753009', 'TTI-0018', 'BAMBANG EKO PRANOTO( TTI-0018 )  appraisal Nov 2022 has not yet been processed', 'scorecards/Appraisal/index/2022/11', 'ALRT', 0, 0, '2022-12-21 10:17:18'),
	('100102222309753010', 'TTI-0019', 'EKO INDRA PERMANA( TTI-0019 )  appraisal Nov 2022 has not yet been processed', 'scorecards/Appraisal/index/2022/11', 'ALRT', 0, 0, '2022-12-21 10:17:18'),
	('100102222309753011', 'TTI-0020', 'ARIS EFENDI( TTI-0020 )  appraisal Nov 2022 has not yet been processed', 'scorecards/Appraisal/index/2022/11', 'ALRT', 0, 0, '2022-12-21 10:17:18'),
	('100102222309753012', 'TTI-0021', 'PARMAN( TTI-0021 )  appraisal Nov 2022 has not yet been processed', 'scorecards/Appraisal/index/2022/11', 'ALRT', 0, 0, '2022-12-21 10:17:18'),
	('100102222309753013', 'TTI-0022', 'NANANG ROHMADI( TTI-0022 )  appraisal Nov 2022 has not yet been processed', 'scorecards/Appraisal/index/2022/11', 'ALRT', 0, 0, '2022-12-21 10:17:18'),
	('100102222309753014', 'TTI-0023', 'OMAY SUTARDI( TTI-0023 )  appraisal Nov 2022 has not yet been processed', 'scorecards/Appraisal/index/2022/11', 'ALRT', 0, 0, '2022-12-21 10:17:18'),
	('100102222309753015', 'TTI-0024', 'MOHAMAD CHUDSYI( TTI-0024 )  appraisal Nov 2022 has not yet been processed', 'scorecards/Appraisal/index/2022/11', 'ALRT', 0, 0, '2022-12-21 10:17:18'),
	('100102222309753016', 'TTI-0025', 'DENI( TTI-0025 )  appraisal Nov 2022 has not yet been processed', 'scorecards/Appraisal/index/2022/11', 'ALRT', 0, 0, '2022-12-21 10:17:18'),
	('100102222309753017', 'TTI-0026', 'SUKOCO( TTI-0026 )  appraisal Nov 2022 has not yet been processed', 'scorecards/Appraisal/index/2022/11', 'ALRT', 0, 0, '2022-12-21 10:17:18'),
	('100102222309753018', 'TTI-0027', 'ANDIKA MIJANANTO( TTI-0027 )  appraisal Nov 2022 has not yet been processed', 'scorecards/Appraisal/index/2022/11', 'ALRT', 0, 0, '2022-12-21 10:17:18'),
	('100102222309753019', 'TTI-0028', 'ATRI WULAN SARI( TTI-0028 )  appraisal Nov 2022 has not yet been processed', 'scorecards/Appraisal/index/2022/11', 'ALRT', 0, 0, '2022-12-21 10:17:18'),
	('100102222309753020', 'TTI-0030', 'SALSABILA( TTI-0030 )  appraisal Nov 2022 has not yet been processed', 'scorecards/Appraisal/index/2022/11', 'ALRT', 0, 0, '2022-12-21 10:17:18'),
	('100102222309753021', 'TTI-0031', 'YUNI ASTUTI( TTI-0031 )  appraisal Nov 2022 has not yet been processed', 'scorecards/Appraisal/index/2022/11', 'ALRT', 0, 0, '2022-12-21 10:17:18'),
	('100102222309753022', 'TTI-0032', 'AAN HARGIYANTO( TTI-0032 )  appraisal Nov 2022 has not yet been processed', 'scorecards/Appraisal/index/2022/11', 'ALRT', 0, 0, '2022-12-21 10:17:18'),
	('100102222309753023', 'TTI-0033', 'AHMAD NUR WAHID( TTI-0033 )  appraisal Nov 2022 has not yet been processed', 'scorecards/Appraisal/index/2022/11', 'ALRT', 0, 0, '2022-12-21 10:17:18'),
	('100102222309753024', 'TTI-0034', 'MOCHAMAD IRWAN SETIAWAN( TTI-0034 )  appraisal Nov 2022 has not yet been processed', 'scorecards/Appraisal/index/2022/11', 'ALRT', 0, 0, '2022-12-21 10:17:18'),
	('100102222309753025', 'TTI-0035', 'UTOMO NUGRAHANTO( TTI-0035 )  appraisal Nov 2022 has not yet been processed', 'scorecards/Appraisal/index/2022/11', 'ALRT', 0, 0, '2022-12-21 10:17:18'),
	('100102222309753026', 'TTI-0036', 'ANGGA DWI ISWANTO( TTI-0036 )  appraisal Nov 2022 has not yet been processed', 'scorecards/Appraisal/index/2022/11', 'ALRT', 0, 0, '2022-12-21 10:17:18'),
	('100102222309753027', 'TTI-0037', 'SURAHMAN( TTI-0037 )  appraisal Nov 2022 has not yet been processed', 'scorecards/Appraisal/index/2022/11', 'ALRT', 0, 0, '2022-12-21 10:17:18'),
	('100102222309753028', 'TTI-0038', 'MUHAMMAD RAMADHAN( TTI-0038 )  appraisal Nov 2022 has not yet been processed', 'scorecards/Appraisal/index/2022/11', 'ALRT', 0, 0, '2022-12-21 10:17:18'),
	('100102222309753029', 'TTI-0039', 'MUHAMAD HENDROSSINI AR RIZQI( TTI-0039 )  appraisal Nov 2022 has not yet been processed', 'scorecards/Appraisal/index/2022/11', 'ALRT', 0, 0, '2022-12-21 10:17:18'),
	('100102222309753030', 'TTI-0040', 'FOEUNNA RASEUKI( TTI-0040 )  appraisal Nov 2022 has not yet been processed', 'scorecards/Appraisal/index/2022/11', 'ALRT', 0, 0, '2022-12-21 10:17:18'),
	('100102222309753031', 'TTI-0041', 'TIARA NUR AFIFAH( TTI-0041 )  appraisal Nov 2022 has not yet been processed', 'scorecards/Appraisal/index/2022/11', 'ALRT', 0, 0, '2022-12-21 10:17:18'),
	('100102222309753032', 'TTI-0042', 'JOKO TRIATMOJO PAMUNGKAS( TTI-0042 )  appraisal Nov 2022 has not yet been processed', 'scorecards/Appraisal/index/2022/11', 'ALRT', 0, 0, '2022-12-21 10:17:18'),
	('100102222309753033', 'TTI-0043', 'SURACHMAN( TTI-0043 )  appraisal Nov 2022 has not yet been processed', 'scorecards/Appraisal/index/2022/11', 'ALRT', 0, 0, '2022-12-21 10:17:18'),
	('100102222309753034', 'TTI-0044', 'BAHRUM DAULAY( TTI-0044 )  appraisal Nov 2022 has not yet been processed', 'scorecards/Appraisal/index/2022/11', 'ALRT', 0, 0, '2022-12-21 10:17:18'),
	('100102222309753035', 'TTI-0045', 'REYSILAH RAMA( TTI-0045 )  appraisal Nov 2022 has not yet been processed', 'scorecards/Appraisal/index/2022/11', 'ALRT', 0, 0, '2022-12-21 10:17:18'),
	('100102222309753036', 'TTI-0046', 'HARYANTO( TTI-0046 )  appraisal Nov 2022 has not yet been processed', 'scorecards/Appraisal/index/2022/11', 'ALRT', 0, 0, '2022-12-21 10:17:18'),
	('100102222309753037', 'TTI-0047', 'RIZKI IQBAL MAULANA( TTI-0047 )  appraisal Nov 2022 has not yet been processed', 'scorecards/Appraisal/index/2022/11', 'ALRT', 0, 0, '2022-12-21 10:17:18'),
	('100102222309753038', 'TTI-0048', 'NUR ALIAH( TTI-0048 )  appraisal Nov 2022 has not yet been processed', 'scorecards/Appraisal/index/2022/11', 'ALRT', 0, 0, '2022-12-21 10:17:18');
/*!40000 ALTER TABLE `notifikasi` ENABLE KEYS */;

-- Dumping structure for table kpi_obai_baru.pegawai
CREATE TABLE IF NOT EXISTS `pegawai` (
  `nip` varchar(10) NOT NULL,
  `nama` varchar(255) DEFAULT NULL,
  `tgl_masuk` date DEFAULT NULL,
  `dob` date DEFAULT NULL,
  `tgl_keluar` date DEFAULT NULL,
  `kd_departemen` int(10) unsigned DEFAULT NULL,
  `kd_jabatan` int(10) unsigned DEFAULT NULL,
  `kd_perusahaan` int(10) DEFAULT NULL,
  `report_to` varchar(10) DEFAULT NULL COMMENT 'berisi nip',
  `status` tinyint(4) DEFAULT 1 COMMENT '1=aktif, 2=resign',
  `jenis_kelamin` varchar(4) DEFAULT '1' COMMENT 'L=pria, P=wanita',
  `foto` varchar(255) DEFAULT NULL,
  `user_input` varchar(255) DEFAULT NULL,
  `user_edit` varchar(255) DEFAULT NULL,
  `tgl_input` datetime DEFAULT NULL,
  `tgl_edit` datetime DEFAULT NULL,
  PRIMARY KEY (`nip`),
  KEY `FK_pegawai_departemen` (`kd_departemen`),
  KEY `FK_pegawai_jabatan` (`kd_jabatan`),
  KEY `FK_pegawai_perusahaan` (`kd_perusahaan`),
  CONSTRAINT `FK_pegawai_perusahaan` FOREIGN KEY (`kd_perusahaan`) REFERENCES `perusahaan` (`kd_perusahaan`),
  CONSTRAINT `pegawai_ibfk_1` FOREIGN KEY (`kd_departemen`) REFERENCES `departemen` (`kd_departemen`) ON DELETE SET NULL ON UPDATE CASCADE,
  CONSTRAINT `pegawai_ibfk_2` FOREIGN KEY (`kd_jabatan`) REFERENCES `jabatan` (`kd_jabatan`) ON DELETE SET NULL ON UPDATE CASCADE
) ENGINE=InnoDB DEFAULT CHARSET=latin1;

-- Dumping data for table kpi_obai_baru.pegawai: ~207 rows (approximately)
DELETE FROM `pegawai`;
/*!40000 ALTER TABLE `pegawai` DISABLE KEYS */;
INSERT INTO `pegawai` (`nip`, `nama`, `tgl_masuk`, `dob`, `tgl_keluar`, `kd_departemen`, `kd_jabatan`, `kd_perusahaan`, `report_to`, `status`, `jenis_kelamin`, `foto`, `user_input`, `user_edit`, `tgl_input`, `tgl_edit`) VALUES
	('AD001', 'Admin', NULL, '1989-02-07', NULL, NULL, NULL, NULL, NULL, 1, 'L', 'fotoAD00121022696.jpg', NULL, NULL, NULL, NULL),
	('AEQ-0001', 'ADE JULIANTO', '2017-01-24', '1994-07-25', NULL, 84, 367, 4, 'AEQ-0024', 1, 'L', '', '', '', '0000-00-00 00:00:00', '0000-00-00 00:00:00'),
	('AEQ-0003', 'AKHMAD REFKI ZAINURI', '2017-05-15', '1996-10-31', NULL, 84, 367, 4, 'AEQ-0010', 1, 'L', '', '', '', '0000-00-00 00:00:00', '0000-00-00 00:00:00'),
	('AEQ-0004', 'ARTHANI ROSYIDA', '2016-05-16', '1990-09-15', NULL, 84, 368, 4, 'AEQ-0010', 1, 'P', '', '', '', '0000-00-00 00:00:00', '0000-00-00 00:00:00'),
	('AEQ-0005', 'CANDRA WAHYU TRI PRASETYA', '2017-01-24', '1993-05-11', NULL, 84, 367, 4, 'AEQ-0024', 1, 'L', '', '', '', '0000-00-00 00:00:00', '0000-00-00 00:00:00'),
	('AEQ-0006', 'DEVI TRIFALISLI', '2016-05-16', '1989-07-08', NULL, 73, 372, 4, 'AEQ-0010', 1, 'P', '', '', '', '0000-00-00 00:00:00', '0000-00-00 00:00:00'),
	('AEQ-0007', 'DEWI SANTY', '2016-11-01', '1989-01-01', NULL, 74, 333, 4, 'AEQ-0023', 1, 'P', '', '', '', '0000-00-00 00:00:00', '0000-00-00 00:00:00'),
	('AEQ-0008', 'DEZAN FAUZI PRIATNA', '2017-01-24', '1995-01-15', NULL, 84, 367, 4, 'AEQ-0024', 1, 'L', '', '', '', '0000-00-00 00:00:00', '0000-00-00 00:00:00'),
	('AEQ-0009', 'DONNY TAMARA', '2017-01-24', '1997-11-13', NULL, 84, 368, 4, 'AEQ-0024', 1, 'L', '', '', '', '0000-00-00 00:00:00', '0000-00-00 00:00:00'),
	('AEQ-0010', 'DYAH AYU PALUPI', '2016-05-16', '1982-02-28', NULL, 83, 371, 4, '', 1, 'P', '', '', '', '0000-00-00 00:00:00', '0000-00-00 00:00:00'),
	('AEQ-0011', 'FADHLI ADHITYA RAMADHIKA', '2022-06-15', '1993-02-23', NULL, 74, 364, 4, 'AEQ-0023', 1, 'L', '', '', '', '0000-00-00 00:00:00', '0000-00-00 00:00:00'),
	('AEQ-0012', 'FEBRY POETRA DWI MOENIR', '2019-02-26', '1998-02-11', NULL, 84, 368, 4, 'AEQ-0024', 1, 'L', '', '', '', '0000-00-00 00:00:00', '0000-00-00 00:00:00'),
	('AEQ-0014', 'HARI FITRI AGUS SETYAWAN', '2016-05-16', '1980-08-12', NULL, 74, 374, 4, 'AEQ-0010', 1, 'L', '', '', '', '0000-00-00 00:00:00', '0000-00-00 00:00:00'),
	('AEQ-0015', 'HARI SETIAWAN', '2016-02-01', '1984-09-11', NULL, 73, 365, 4, 'AEQ-0010', 1, 'L', '', '', '', '0000-00-00 00:00:00', '0000-00-00 00:00:00'),
	('AEQ-0016', 'HERMAN YOSEF TRIWIYANTO', '2021-10-14', '1980-05-15', NULL, 74, 365, 4, 'AEQ-0023', 1, 'L', '', '', '', '0000-00-00 00:00:00', '0000-00-00 00:00:00'),
	('AEQ-0017', 'IBADURAHMAN HANIF', '2021-05-31', '1996-02-15', NULL, 82, 369, 4, 'AEQ-0044', 1, 'L', '', '', '', '0000-00-00 00:00:00', '0000-00-00 00:00:00'),
	('AEQ-0019', 'JALAL BIN WASLI', '2017-01-26', '1990-10-19', NULL, 84, 367, 4, 'AEQ-0024', 1, 'L', '', '', '', '0000-00-00 00:00:00', '0000-00-00 00:00:00'),
	('AEQ-0020', 'JOVAN PRATAMA PUTRA', '2016-06-20', '1987-12-14', NULL, 73, 335, 4, 'AEQ-0042', 1, 'L', '', '', '', '0000-00-00 00:00:00', '0000-00-00 00:00:00'),
	('AEQ-0021', 'M ARIF RACHMAWAN', '2016-05-16', '1991-04-23', NULL, 84, 332, 4, 'AEQ-0010', 1, 'L', '', '', '', '0000-00-00 00:00:00', '0000-00-00 00:00:00'),
	('AEQ-0023', 'MAHMUD ARIPIN', '2016-05-16', '1977-12-09', NULL, 83, 377, 4, 'AEQ-0042', 1, 'L', '', '', '', '0000-00-00 00:00:00', '0000-00-00 00:00:00'),
	('AEQ-0024', 'MAMAN RUSMANA', '2017-09-01', '1988-08-20', NULL, 84, 336, 4, 'AEQ-0042', 1, 'L', '', '', '', '0000-00-00 00:00:00', '0000-00-00 00:00:00'),
	('AEQ-0025', 'MANSURI', '2008-04-04', '1979-10-19', NULL, 73, 365, 4, 'AEQ-0020', 1, 'L', '', '', '', '0000-00-00 00:00:00', '0000-00-00 00:00:00'),
	('AEQ-0026', 'MEILANNY', '2022-06-15', '1981-05-30', NULL, 74, 364, 4, 'AEQ-0023', 1, 'P', '', '', '', '0000-00-00 00:00:00', '0000-00-00 00:00:00'),
	('AEQ-0027', 'MELISA DYAH PARASAYU', '2021-10-11', '1991-06-06', NULL, 74, 333, 4, 'AEQ-0010', 1, 'P', '', '', '', '0000-00-00 00:00:00', '0000-00-00 00:00:00'),
	('AEQ-0028', 'MIFTAHULIA HASBY', '2021-10-04', '1997-10-19', NULL, 82, 369, 4, 'AEQ-0044', 1, 'L', '', '', '', '0000-00-00 00:00:00', '0000-00-00 00:00:00'),
	('AEQ-0030', 'NAHRIFUL ASRI', '2021-06-10', '1995-03-25', NULL, 84, 367, 4, 'AEQ-0024', 1, 'L', '', '', '', '0000-00-00 00:00:00', '0000-00-00 00:00:00'),
	('AEQ-0031', 'NUR AZIS SEPTIAN', '2019-09-17', '1996-09-08', NULL, 84, 367, 4, 'AEQ-0010', 1, 'L', '', '', '', '0000-00-00 00:00:00', '0000-00-00 00:00:00'),
	('AEQ-0032', 'PANJI INDRA GUNAWAN', '2019-07-22', '1996-05-06', NULL, 84, 367, 4, 'AEQ-0024', 1, 'L', '', '', '', '0000-00-00 00:00:00', '0000-00-00 00:00:00'),
	('AEQ-0033', 'RAMANTO TRIWIBOWO', '2016-05-16', '1981-05-18', NULL, 84, 376, 4, 'AEQ-0023', 1, 'L', '', '', '', '0000-00-00 00:00:00', '0000-00-00 00:00:00'),
	('AEQ-0035', 'REZA SEPTIANDI', '2021-10-11', '1997-09-17', NULL, 82, 369, 4, 'AEQ-0044', 1, 'L', '', '', '', '0000-00-00 00:00:00', '0000-00-00 00:00:00'),
	('AEQ-0036', 'RIKI RUSTAJI', '2021-09-21', '1984-07-06', NULL, 83, 378, 4, 'AEQ-0023', 1, 'L', '', '', '', '0000-00-00 00:00:00', '0000-00-00 00:00:00'),
	('AEQ-0037', 'RIZAL DARMAWAN SAHAMTHA', '2022-03-06', '1998-04-21', NULL, 84, 366, 4, 'AEQ-0010', 1, 'L', '', '', '', '0000-00-00 00:00:00', '0000-00-00 00:00:00'),
	('AEQ-0038', 'RUDIYONO', '2016-12-01', '1985-12-31', NULL, 84, 332, 4, 'AEQ-0010', 1, 'L', '', '', '', '0000-00-00 00:00:00', '0000-00-00 00:00:00'),
	('AEQ-0039', 'SANDI LUKMAN NURHAKIM', '2019-11-06', '1997-05-15', NULL, 82, 370, 4, 'AEQ-0044', 1, 'L', '', '', '', '0000-00-00 00:00:00', '0000-00-00 00:00:00'),
	('AEQ-0041', 'SRIYATUN', '2016-05-16', '1991-08-07', NULL, 74, 333, 4, 'AEQ-0010', 1, 'P', '', '', '', '0000-00-00 00:00:00', '0000-00-00 00:00:00'),
	('AEQ-0042', 'SUPRA HATMARA', '2016-05-16', '1976-05-14', NULL, 83, 331, 4, '', 1, 'L', '', '', '', '0000-00-00 00:00:00', '0000-00-00 00:00:00'),
	('AEQ-0043', 'SUSI MAESAROH', '2016-05-16', '1994-05-31', NULL, 84, 368, 4, 'AEQ-0024', 1, 'P', '', '', '', '0000-00-00 00:00:00', '0000-00-00 00:00:00'),
	('AEQ-0044', 'SYAIFULLAH UMAR', '2016-05-16', '1992-12-08', NULL, 83, 379, 4, 'AEQ-0042', 1, 'L', '', '', '', '0000-00-00 00:00:00', '0000-00-00 00:00:00'),
	('AEQ-0046', 'TRI CAHYADI', '2017-01-24', '1993-09-29', NULL, 84, 367, 4, 'AEQ-0024', 1, 'L', '', '', '', '0000-00-00 00:00:00', '0000-00-00 00:00:00'),
	('AEQ-0047', 'TRIO AGMY', '2021-02-01', '1993-08-10', NULL, 82, 373, 4, 'AEQ-0044', 1, 'L', '', '', '', '0000-00-00 00:00:00', '0000-00-00 00:00:00'),
	('AEQ-0048', 'URIP JUMAEDI', '2022-04-07', '1991-06-21', NULL, 74, 364, 4, 'AEQ-0023', 1, 'L', '', '', '', '0000-00-00 00:00:00', '0000-00-00 00:00:00'),
	('AEQ-0049', 'VITA YULIANA SUDIARTI', '2019-04-15', '1995-07-18', NULL, 74, 333, 4, 'AEQ-0023', 1, 'P', '', '', '', '0000-00-00 00:00:00', '0000-00-00 00:00:00'),
	('AEQ-0051', 'WAWAN DERMAWAN', '2016-05-16', '1981-07-04', NULL, 84, 375, 4, 'AEQ-0024', 1, 'L', '', '', '', '0000-00-00 00:00:00', '0000-00-00 00:00:00'),
	('AEQ-0052', 'WILDAN FIRDAUS', '2021-06-09', '1998-08-14', NULL, 84, 367, 4, 'AEQ-0024', 1, 'L', '', '', '', '0000-00-00 00:00:00', '0000-00-00 00:00:00'),
	('AEQ-0053', 'RAHMA DIAH ZUHROINI', '2022-10-17', '1999-10-17', NULL, 84, 367, 4, 'AEQ-0010', 1, 'P', '', '', '', '0000-00-00 00:00:00', '0000-00-00 00:00:00'),
	('CAP-0001', 'SAHIRAN RUSLI', '2017-09-21', '1977-01-25', NULL, 110, 496, 5, 'TSI-0001', 1, 'L', '', '', '', '0000-00-00 00:00:00', '0000-00-00 00:00:00'),
	('CAP-0002', 'SHIGETAKA HORIUCHI', '2019-06-17', '1958-10-13', NULL, 113, 502, 5, 'TSI-0001', 1, 'L', '', '', '', '0000-00-00 00:00:00', '0000-00-00 00:00:00'),
	('CAP-0003', 'RIAD IKHWANI', '2017-09-21', '1984-04-28', NULL, 110, 499, 5, 'CAP-0001', 1, 'L', '', '', '', '0000-00-00 00:00:00', '0000-00-00 00:00:00'),
	('CAP-0004', 'SUTRISNO', '2017-09-21', '1986-03-24', NULL, 97, 505, 5, 'CAP-0003', 1, 'L', '', '', '', '0000-00-00 00:00:00', '0000-00-00 00:00:00'),
	('CAP-0005', 'ATIK WINDARYATI', '2017-09-21', '1993-08-14', NULL, 97, 508, 5, 'CAP-0003', 1, 'P', '', '', '', '0000-00-00 00:00:00', '0000-00-00 00:00:00'),
	('CAP-0006', 'INAYA RATNA ASMARANI', '2017-07-21', '1983-10-22', NULL, 97, 494, 5, 'CAP-0003', 1, 'L', '', '', '', '0000-00-00 00:00:00', '0000-00-00 00:00:00'),
	('CAP-0008', 'BAGUS RIADI', '2017-09-21', '1990-04-26', NULL, 111, 501, 5, 'CAP-0003', 1, 'L', '', '', '', '0000-00-00 00:00:00', '0000-00-00 00:00:00'),
	('CAP-0009', 'NUR ALFIAN', '2018-12-14', '1996-05-07', NULL, 111, 503, 5, 'CAP-0001', 1, 'L', '', '', '', '0000-00-00 00:00:00', '0000-00-00 00:00:00'),
	('CAP-0010', 'ROLAND WIDYANTORO', '2018-12-21', '1990-08-28', NULL, 112, 500, 5, 'CAP-0003', 1, 'L', '', '', '', '0000-00-00 00:00:00', '0000-00-00 00:00:00'),
	('CAP-0011', 'RHEINA VANINDYANI', '2020-03-23', '1994-04-26', NULL, 111, 495, 5, 'CAP-0001', 1, 'P', '', '', '', '0000-00-00 00:00:00', '0000-00-00 00:00:00'),
	('CAP-0013', 'BILLY YOSAFAT', '2021-12-01', '1973-09-22', NULL, 110, 498, 5, 'CAP-0001', 1, 'L', '', '', '', '0000-00-00 00:00:00', '0000-00-00 00:00:00'),
	('CAP-0014', 'SUPRIYANTO', '2016-09-14', '1979-08-10', NULL, 97, 506, 5, '', 1, 'L', '', '', '', '0000-00-00 00:00:00', '0000-00-00 00:00:00'),
	('CAP-0015', 'ANNISA TIARA KESUMA', '2017-01-03', '1992-09-06', NULL, 97, 444, 5, '', 1, 'P', '', '', '', '0000-00-00 00:00:00', '0000-00-00 00:00:00'),
	('CAP-0016', 'YESI WALUYATI', '2014-02-03', '1993-04-17', NULL, 97, 444, 5, '', 1, 'P', '', '', '', '0000-00-00 00:00:00', '0000-00-00 00:00:00'),
	('CAP-0017', 'MEIGITA INTAN SUCIKINASIH', '2019-02-01', '1994-05-12', NULL, 97, 508, 5, '', 1, 'P', '', '', '', '0000-00-00 00:00:00', '0000-00-00 00:00:00'),
	('CAP-0018', 'DONNA SUCI RAKHMAWATI', '2017-01-23', '1995-02-08', NULL, 97, 444, 5, '', 1, 'P', '', '', '', '0000-00-00 00:00:00', '0000-00-00 00:00:00'),
	('CAP-0021', 'JOSUA ROLAMDO', '2022-06-21', '1998-11-03', NULL, 97, 504, 5, 'CAP-0004', 1, 'L', '', '', '', '0000-00-00 00:00:00', '0000-00-00 00:00:00'),
	('CAP-0022', 'RACHMAWATI ZULAYHA', '2022-08-22', '1989-07-23', NULL, 97, 493, 5, 'CAP-0004', 1, 'P', '', '', '', '0000-00-00 00:00:00', '0000-00-00 00:00:00'),
	('OBAI-0001', 'ACHMAD SUHENDRA', '2016-04-04', '1990-05-01', NULL, 2, 75, 3, 'OBAI-0072', 1, 'L', '', '', '', '0000-00-00 00:00:00', '0000-00-00 00:00:00'),
	('OBAI-0002', 'ADE KURNIA LARASATI WIJAYA', '2018-05-02', '1997-04-27', NULL, 3, 76, 3, 'OBAI-0044', 1, 'P', '', '', '', '0000-00-00 00:00:00', '0000-00-00 00:00:00'),
	('OBAI-0003', 'ADHA IRAWAN', '2021-09-30', '1996-04-28', NULL, 2, 77, 3, 'OBAI-0001', 1, 'L', '', '', '', '0000-00-00 00:00:00', '0000-00-00 00:00:00'),
	('OBAI-0004', 'ADI DWISASMITO', '2008-12-01', '1982-09-08', NULL, 4, 101, 3, 'OBAI-0033', 1, 'L', '', '', '', '0000-00-00 00:00:00', '0000-00-00 00:00:00'),
	('OBAI-0005', 'ADI SABARA', '2013-12-02', '1990-03-07', NULL, 4, 80, 3, 'OBAI-0059', 1, 'L', '', '', '', '0000-00-00 00:00:00', '0000-00-00 00:00:00'),
	('OBAI-0006', 'ADNAN', '2020-09-22', '1974-12-17', NULL, 2, 77, 3, 'OBAI-0001', 1, 'L', '', '', '', '0000-00-00 00:00:00', '0000-00-00 00:00:00'),
	('OBAI-0007', 'AGUNG WICAKSONO', '2015-06-01', '1989-08-12', NULL, 1, 92, 3, 'OBAI-0043', 1, 'L', '', '', '', '0000-00-00 00:00:00', '0000-00-00 00:00:00'),
	('OBAI-0008', 'AGUS WAHYUDI', '2015-05-26', '1987-05-17', NULL, 4, 90, 3, 'OBAI-0061', 1, 'L', '', '', '', '0000-00-00 00:00:00', '0000-00-00 00:00:00'),
	('OBAI-0009', 'AJAT', '2013-07-01', '1989-04-01', NULL, 4, 80, 3, 'OBAI-0059', 1, 'L', '', '', '', '0000-00-00 00:00:00', '0000-00-00 00:00:00'),
	('OBAI-0010', 'ANDRY', '2008-06-16', '1979-05-02', NULL, 2, 8, 3, 'OBAI-0072', 1, 'L', '', '', '', '0000-00-00 00:00:00', '0000-00-00 00:00:00'),
	('OBAI-0011', 'APRILIA NUR AFIFAH', '2021-04-09', '1998-04-04', NULL, 5, 88, 3, 'OBAI-0017', 1, 'P', '', '', '', '0000-00-00 00:00:00', '0000-00-00 00:00:00'),
	('OBAI-0012', 'ARDI JAYANTO', '2018-01-31', '1997-08-02', NULL, 4, 95, 3, 'OBAI-0073', 1, 'L', '', '', '', '0000-00-00 00:00:00', '0000-00-00 00:00:00'),
	('OBAI-0013', 'ARFANDIANTO', '2012-07-09', '1983-03-03', NULL, 4, 80, 3, 'OBAI-0059', 1, 'L', '', '', '', '0000-00-00 00:00:00', '0000-00-00 00:00:00'),
	('OBAI-0014', 'ATA SAPUTRA', '2013-02-11', '1983-06-06', NULL, 4, 91, 3, 'OBAI-0036', 1, 'L', '', '', '', '0000-00-00 00:00:00', '0000-00-00 00:00:00'),
	('OBAI-0015', 'BAMBANG HENDRO PRAYITNO', '2017-01-21', '1981-01-30', NULL, 2, 7, 3, 'OBAI-0072', 1, 'L', '', '', '', '0000-00-00 00:00:00', '0000-00-00 00:00:00'),
	('OBAI-0016', 'BENEDIKTUS BELIKO SITANGGANG', '2008-06-16', '1989-06-17', NULL, 4, 86, 3, 'OBAI-0055', 1, 'L', '', '', '', '0000-00-00 00:00:00', '0000-00-00 00:00:00'),
	('OBAI-0017', 'BUDIYONO', '2017-11-28', '1989-12-23', NULL, 5, 100, 3, 'OBAI-0072', 1, 'L', '', '', '', '0000-00-00 00:00:00', '0000-00-00 00:00:00'),
	('OBAI-0018', 'CANDRA ROMADONA', '2016-02-01', '1998-01-28', NULL, 4, 91, 3, 'OBAI-0008', 1, 'L', '', '', '', '0000-00-00 00:00:00', '0000-00-00 00:00:00'),
	('OBAI-0019', 'CIKA EPIA', '2022-01-03', '1997-02-04', NULL, 2, 72, 3, 'OBAI-0001', 1, 'P', '', '', '', '0000-00-00 00:00:00', '0000-00-00 00:00:00'),
	('OBAI-0020', 'DARUSSALAM', '2017-04-27', '1975-06-27', NULL, 4, 85, 3, 'OBAI-0059', 1, 'L', '', '', '', '0000-00-00 00:00:00', '0000-00-00 00:00:00'),
	('OBAI-0021', 'DASUKI', '2013-04-08', '1989-09-17', NULL, 4, 91, 3, 'OBAI-0036', 1, 'L', '', '', '', '0000-00-00 00:00:00', '0000-00-00 00:00:00'),
	('OBAI-0022', 'DEDI APRIYADI', '2018-01-31', '1996-06-17', NULL, 4, 91, 3, 'OBAI-0073', 1, 'L', '', '', '', '0000-00-00 00:00:00', '0000-00-00 00:00:00'),
	('OBAI-0023', 'DENIS KAMAJAYA', '2012-09-03', '1986-10-10', NULL, 3, 102, 3, 'OBAI-0044', 1, 'L', '', '', '', '0000-00-00 00:00:00', '0000-00-00 00:00:00'),
	('OBAI-0024', 'DIRMAN', '2009-07-01', '1985-11-25', NULL, 4, 80, 3, 'OBAI-0059', 1, 'L', '', '', '', '0000-00-00 00:00:00', '0000-00-00 00:00:00'),
	('OBAI-0025', 'DWI SETYO WIRENI', '2015-08-03', '1991-08-28', NULL, 1, 93, 3, 'OBAI-0007', 1, 'P', '', '', '', '0000-00-00 00:00:00', '0000-00-00 00:00:00'),
	('OBAI-0026', 'EKO SUSANTO', '2021-04-12', '1994-06-28', NULL, 5, 98, 3, 'OBAI-0017', 1, 'L', '', '', '', '0000-00-00 00:00:00', '0000-00-00 00:00:00'),
	('OBAI-0027', 'EKO WIDAYANTO', '2018-10-22', '1981-05-18', NULL, 5, 98, 3, 'OBAI-0072', 1, 'L', '', '', '', '0000-00-00 00:00:00', '0000-00-00 00:00:00'),
	('OBAI-0028', 'ENDRA SAPUTRA', '2022-05-23', '1991-04-13', NULL, 4, 91, 3, 'OBAI-0059', 1, 'L', '', '', '', '0000-00-00 00:00:00', '0000-00-00 00:00:00'),
	('OBAI-0029', 'ERMAN WIGUNA', '2022-02-09', '1996-09-28', NULL, 4, 91, 3, 'OBAI-0059', 1, 'L', '', '', '', '0000-00-00 00:00:00', '0000-00-00 00:00:00'),
	('OBAI-0030', 'FAHMI FAUZI', '2011-09-07', '1990-07-21', NULL, 4, 80, 3, 'OBAI-0073', 1, 'L', '', '', '', '0000-00-00 00:00:00', '0000-00-00 00:00:00'),
	('OBAI-0031', 'FITRI KOMALASARI', '2016-04-11', '1995-12-20', NULL, 1, 69, 3, 'OBAI-0080', 1, 'P', '', '', '', '0000-00-00 00:00:00', '0000-00-00 00:00:00'),
	('OBAI-0032', 'FX TERRY TEGAR ARDHI SUSENO', '2019-09-01', '1985-11-23', NULL, 2, 7, 3, 'OBAI-0072', 1, 'L', '', '', '', '0000-00-00 00:00:00', '0000-00-00 00:00:00'),
	('OBAI-0033', 'HARI DWIYANTO', '2008-06-16', '1987-04-30', NULL, 4, 83, 3, 'OBAI-0061', 1, 'L', '', '', '', '0000-00-00 00:00:00', '0000-00-00 00:00:00'),
	('OBAI-0034', 'IKA RISNAWATI', '2015-06-18', '1989-12-22', NULL, 1, 103, 3, 'OBAI-0043', 1, 'P', '', '', '', '0000-00-00 00:00:00', '0000-00-00 00:00:00'),
	('OBAI-0035', 'ILHAM PRASETYO', '2018-01-31', '1997-06-21', NULL, 4, 95, 3, 'OBAI-0073', 1, 'L', '', '', '', '0000-00-00 00:00:00', '0000-00-00 00:00:00'),
	('OBAI-0036', 'ISNAL IRDIANSYAH', '2008-06-16', '1982-07-28', NULL, 4, 90, 3, 'OBAI-0061', 1, 'L', '', '', '', '0000-00-00 00:00:00', '0000-00-00 00:00:00'),
	('OBAI-0037', 'JAJA MIHARJA', '2014-10-27', '1993-06-16', NULL, 4, 101, 3, 'OBAI-0033', 1, 'L', '', '', '', '0000-00-00 00:00:00', '0000-00-00 00:00:00'),
	('OBAI-0038', 'JEJE JAEDUROHMAN', '2018-01-31', '1993-04-09', NULL, 4, 91, 3, 'OBAI-0008', 1, 'L', '', '', '', '0000-00-00 00:00:00', '0000-00-00 00:00:00'),
	('OBAI-0039', 'KOMARA APRIATNA', '2020-09-28', '1992-04-12', NULL, 2, 77, 3, 'OBAI-0001', 1, 'L', '', '', '', '0000-00-00 00:00:00', '0000-00-00 00:00:00'),
	('OBAI-0040', 'KUSNO', '2013-01-21', '1989-04-12', NULL, 4, 91, 3, 'OBAI-0077', 1, 'L', '', '', '', '0000-00-00 00:00:00', '0000-00-00 00:00:00'),
	('OBAI-0041', 'LINA AGUSTIA', '2012-01-12', '1989-08-22', NULL, 1, 79, 3, 'OBAI-0043', 1, 'P', '', '', '', '0000-00-00 00:00:00', '0000-00-00 00:00:00'),
	('OBAI-0042', 'LINDA AMALIA', '2011-11-04', '1985-02-09', NULL, 6, 82, 3, 'OBAI-0066', 1, 'P', '', '', '', '0000-00-00 00:00:00', '0000-00-00 00:00:00'),
	('OBAI-0043', 'LUSY PERMATAHATI', '2011-04-01', '1986-02-16', NULL, 1, 5, 3, 'OBAI-0066', 1, 'P', '', '', '', '0000-00-00 00:00:00', '0000-00-00 00:00:00'),
	('OBAI-0044', 'MARGONO', '2013-05-27', '1973-07-01', NULL, 3, 84, 3, 'OBAI-0066', 1, 'L', '', '', '', '0000-00-00 00:00:00', '0000-00-00 00:00:00'),
	('OBAI-0045', 'MEI KUSTIANTO', '2011-10-18', '1986-05-23', NULL, 4, 80, 3, 'OBAI-0059', 1, 'L', '', '', '', '0000-00-00 00:00:00', '0000-00-00 00:00:00'),
	('OBAI-0046', 'MOCHAMAD ARDIANSYAH BIN KOSASIH', '2016-03-29', '1983-02-18', NULL, 2, 72, 3, 'OBAI-0001', 1, 'L', '', '', '', '0000-00-00 00:00:00', '0000-00-00 00:00:00'),
	('OBAI-0047', 'MUHAMAD SYARIF', '2010-03-03', '1982-02-18', NULL, 4, 96, 3, 'OBAI-0008', 1, 'L', '', '', '', '0000-00-00 00:00:00', '0000-00-00 00:00:00'),
	('OBAI-0049', 'MULYONO', '2013-04-26', '1990-03-19', NULL, 4, 96, 3, 'OBAI-0073', 1, 'L', '', '', '', '0000-00-00 00:00:00', '0000-00-00 00:00:00'),
	('OBAI-0050', 'NANA SURYANA', '2010-07-02', '1973-08-15', NULL, 2, 77, 3, 'OBAI-0001', 1, 'L', '', '', '', '0000-00-00 00:00:00', '0000-00-00 00:00:00'),
	('OBAI-0051', 'NARJA BIN NAMIN', '2011-01-01', '1987-09-09', NULL, 4, 80, 3, 'OBAI-0059', 1, 'L', '', '', '', '0000-00-00 00:00:00', '0000-00-00 00:00:00'),
	('OBAI-0052', 'NISIABELA KARTIKA PANGEMANAN', '2021-05-03', '1998-05-05', NULL, 4, 95, 3, 'OBAI-0073', 1, 'P', '', '', '', '0000-00-00 00:00:00', '0000-00-00 00:00:00'),
	('OBAI-0053', 'OLSEN PANGIHUTAN', '2012-01-13', '1986-06-12', NULL, 2, 7, 3, 'OBAI-0072', 1, 'L', '', '', '', '0000-00-00 00:00:00', '0000-00-00 00:00:00'),
	('OBAI-0054', 'RAHMAT AKBAR', '2011-11-07', '1980-03-28', NULL, 4, 74, 3, 'OBAI-0001', 1, 'L', '', '', '', '0000-00-00 00:00:00', '0000-00-00 00:00:00'),
	('OBAI-0055', 'RICKY DE GUZMAN', '2017-11-28', '1980-09-13', NULL, 4, 6, 3, 'OBAI-0066', 1, 'L', '', '', '', '0000-00-00 00:00:00', '0000-00-00 00:00:00'),
	('OBAI-0056', 'RIESA NOVAJ NURUL ARSY', '2020-12-16', '1993-11-26', NULL, 2, 72, 3, 'OBAI-0001', 1, 'P', '', '', '', '0000-00-00 00:00:00', '0000-00-00 00:00:00'),
	('OBAI-0057', 'RIZAL', '2014-05-02', '1992-09-05', NULL, 4, 91, 3, 'OBAI-0077', 1, 'L', '', '', '', '0000-00-00 00:00:00', '0000-00-00 00:00:00'),
	('OBAI-0058', 'RIZKI PANGESTU PUTRA', '2014-11-03', '1991-10-25', NULL, 4, 95, 3, 'OBAI-0073', 1, 'L', '', '', '', '0000-00-00 00:00:00', '0000-00-00 00:00:00'),
	('OBAI-0059', 'ROFIQ MUZAYIN', '2011-03-03', '1973-04-10', NULL, 4, 81, 3, 'OBAI-0061', 1, 'L', '', '', '', '0000-00-00 00:00:00', '0000-00-00 00:00:00'),
	('OBAI-0060', 'ROHIMIN', '2016-03-15', '1992-02-15', NULL, 4, 80, 3, 'OBAI-0059', 1, 'L', '', '', '', '0000-00-00 00:00:00', '0000-00-00 00:00:00'),
	('OBAI-0061', 'RUDIAWAN SIDIK PERMANA', '2008-06-16', '1978-04-11', NULL, 4, 89, 3, 'OBAI-0055', 1, 'L', '', '', '', '0000-00-00 00:00:00', '0000-00-00 00:00:00'),
	('OBAI-0062', 'SABAR', '2009-06-19', '1985-02-06', NULL, 1, 71, 3, 'OBAI-0080', 1, 'L', '', '', '', '0000-00-00 00:00:00', '0000-00-00 00:00:00'),
	('OBAI-0063', 'SAIFUL RIDWAN', '2017-12-20', '1984-05-10', NULL, 2, 73, 3, 'OBAI-0001', 1, 'L', '', '', '', '0000-00-00 00:00:00', '0000-00-00 00:00:00'),
	('OBAI-0064', 'SASMITA', '2016-05-30', '1989-01-13', NULL, 4, 91, 3, 'OBAI-0073', 1, 'L', '', '', '', '0000-00-00 00:00:00', '0000-00-00 00:00:00'),
	('OBAI-0065', 'SIGIT CAHYONO', '2018-09-24', '1982-04-16', NULL, 2, 7, 3, 'OBAI-0072', 1, 'L', '', '', '', '0000-00-00 00:00:00', '0000-00-00 00:00:00'),
	('OBAI-0066', 'SIM CHONG LIAN', '2009-04-13', '1976-06-21', NULL, 2, 87, 3, '', 1, 'L', '', '', '', '0000-00-00 00:00:00', '0000-00-00 00:00:00'),
	('OBAI-0067', 'SISWANTORO', '2011-07-12', '1968-07-05', NULL, 2, 78, 3, 'TAJ-0006', 1, 'L', '', '', '', '0000-00-00 00:00:00', '0000-00-00 00:00:00'),
	('OBAI-0068', 'SLAMET RIYADI', '2013-04-26', '1979-09-04', NULL, 3, 94, 3, 'OBAI-0044', 1, 'L', '', '', '', '0000-00-00 00:00:00', '0000-00-00 00:00:00'),
	('OBAI-0069', 'SUBHAN MUTTAKIN', '2013-02-11', '1993-03-03', NULL, 4, 91, 3, 'OBAI-0073', 1, 'L', '', '', '', '0000-00-00 00:00:00', '0000-00-00 00:00:00'),
	('OBAI-0070', 'SUBIYANTO', '2011-05-05', '1990-02-25', NULL, 4, 95, 3, 'OBAI-0073', 1, 'L', '', '', '', '0000-00-00 00:00:00', '0000-00-00 00:00:00'),
	('OBAI-0071', 'SUHARJA', '2015-09-06', '1996-01-12', NULL, 4, 80, 3, 'OBAI-0059', 1, 'L', '', '', '', '0000-00-00 00:00:00', '0000-00-00 00:00:00'),
	('OBAI-0072', 'TOHALI', '2017-07-21', '1976-11-03', NULL, 5, 99, 3, 'OBAI-0066', 1, 'L', '', '', '', '0000-00-00 00:00:00', '0000-00-00 00:00:00'),
	('OBAI-0073', 'TRI BAYU AZI', '2013-07-01', '1991-08-31', NULL, 4, 90, 3, 'OBAI-0055', 1, 'L', '', '', '', '0000-00-00 00:00:00', '0000-00-00 00:00:00'),
	('OBAI-0074', 'TRI SANTOSO', '2018-03-21', '1980-05-18', NULL, 5, 97, 3, 'OBAI-0017', 1, 'L', '', '', '', '0000-00-00 00:00:00', '0000-00-00 00:00:00'),
	('OBAI-0075', 'TRIYONO', '2018-01-06', '1989-09-17', NULL, 4, 101, 3, 'OBAI-0033', 1, 'L', '', '', '', '0000-00-00 00:00:00', '0000-00-00 00:00:00'),
	('OBAI-0076', 'WIDIARI SETIAWAN', '2021-04-21', '1993-05-23', NULL, 5, 98, 3, 'OBAI-0017', 1, 'L', '', '', '', '0000-00-00 00:00:00', '0000-00-00 00:00:00'),
	('OBAI-0077', 'YOGGA RIZKY SYAHADA', '2014-05-02', '1991-09-14', NULL, 4, 90, 3, 'OBAI-0061', 1, 'L', '', '', '', '0000-00-00 00:00:00', '0000-00-00 00:00:00'),
	('OBAI-0078', 'YUDI IRAWAN', '2016-02-01', '1993-02-05', NULL, 4, 96, 3, 'OBAI-0073', 1, 'L', '', '', '', '0000-00-00 00:00:00', '0000-00-00 00:00:00'),
	('OBAI-0079', 'ZENI ZULFIKAR', '2015-12-11', '1996-11-19', NULL, 4, 91, 3, 'OBAI-0036', 1, 'L', '', '', '', '0000-00-00 00:00:00', '0000-00-00 00:00:00'),
	('OBAI-0080', 'ZURIYANTI', '2015-06-29', '1981-09-21', NULL, 1, 70, 3, 'OBAI-0043', 1, 'P', '', '', '', '0000-00-00 00:00:00', '0000-00-00 00:00:00'),
	('OBAI-0081', 'SUDANI', '2022-09-21', '2001-09-18', NULL, 4, 91, 3, 'OBAI-0055', 1, 'L', '', '', '', '0000-00-00 00:00:00', '0000-00-00 00:00:00'),
	('OBAI-0082', 'WAHYU TRI JULIAWAN', '2022-09-21', '2000-07-02', NULL, 4, 91, 3, 'OBAI-0055', 1, 'L', '', '', '', '0000-00-00 00:00:00', '0000-00-00 00:00:00'),
	('OBAI-0083', 'TRIYANTO', '2022-09-21', '1995-01-14', NULL, 4, 91, 3, 'OBAI-0055', 1, 'L', '', '', '', '0000-00-00 00:00:00', '0000-00-00 00:00:00'),
	('OBAI-0084', 'MOHAMAD FARHAN RIZKY KENCANA', '2022-09-29', '2003-08-09', NULL, 1, 69, 3, 'OBAI-0080', 1, 'L', '', '', '', '0000-00-00 00:00:00', '0000-00-00 00:00:00'),
	('TAJ-0001', 'OKVI SISKAWATI', '2017-07-03', '1984-10-10', NULL, 131, 658, 6, '', 1, 'P', '', '', '', '0000-00-00 00:00:00', '0000-00-00 00:00:00'),
	('TAJ-0002', 'PARMAN', '2018-10-01', '1972-06-09', NULL, 131, 574, 6, 'TTI-0003', 1, 'L', '', '', '', '0000-00-00 00:00:00', '0000-00-00 00:00:00'),
	('TAJ-0003', 'AHMAD INDRA PURNAMA', '2019-01-21', '1997-07-15', NULL, 132, 602, 6, 'TAJ-0001', 1, 'L', '', '', '', '0000-00-00 00:00:00', '0000-00-00 00:00:00'),
	('TAJ-0004', 'RIZKY DWI KURNIAWAN', '2020-09-07', '1989-01-17', NULL, 132, 602, 6, 'TAJ-0001', 1, 'L', '', '', '', '0000-00-00 00:00:00', '0000-00-00 00:00:00'),
	('TAJ-0006', 'WASIS', '2021-09-21', '1984-07-20', NULL, 131, 660, 6, 'TAJ-0001', 1, 'L', '', '', '', '0000-00-00 00:00:00', '0000-00-00 00:00:00'),
	('TAJ-0007', 'RULI HENDRIANA', '2022-07-11', '1992-09-18', NULL, 132, 602, 6, 'TAJ-0001', 1, 'L', '', '', '', '0000-00-00 00:00:00', '0000-00-00 00:00:00'),
	('TAJ-0008', 'DIAN SAPUTRA', '2022-08-01', '1997-01-01', NULL, 132, 602, 6, 'TAJ-0001', 1, 'L', '', '', '', '0000-00-00 00:00:00', '0000-00-00 00:00:00'),
	('TAJ-0009', 'TRI WISMO BAGUS PRABOWO', '2022-10-17', '1995-09-21', NULL, 131, 659, 6, 'TAJ-0001', 1, 'L', '', '', '', '0000-00-00 00:00:00', '0000-00-00 00:00:00'),
	('TAVI-0001', 'GISELA MARIA SUMEISEY', '2018-10-22', '1992-05-01', NULL, 41, 160, 1, 'CAP-0001', 1, 'P', '', '', '', '0000-00-00 00:00:00', '0000-00-00 00:00:00'),
	('TAVI-0002', 'SHAFIRA KHAIRANI', '2020-01-20', '1997-01-20', NULL, 41, 217, 1, 'TAVI-0001', 1, 'P', '', '', '', '0000-00-00 00:00:00', '0000-00-00 00:00:00'),
	('TAVI-0003', 'FAJAR MUHAMAD', '2020-11-30', '1997-10-18', NULL, 41, 142, 1, '', 1, 'L', '', '', '', '0000-00-00 00:00:00', '0000-00-00 00:00:00'),
	('TSI-0001', 'DAMIEN LIM', '2017-07-01', '1976-06-17', NULL, 48, 215, 1, '', 1, 'L', '', '', '', '0000-00-00 00:00:00', '0000-00-00 00:00:00'),
	('TSI-0002', 'CORNELIA NOVIANTI', '2017-09-21', '1985-11-06', NULL, 40, 214, 1, 'TSI-0001', 1, 'P', '', '', '', '0000-00-00 00:00:00', '0000-00-00 00:00:00'),
	('TSI-0003', 'MAUREEN TJOKRO', '2017-07-01', '1976-06-17', NULL, 48, 216, 1, '', 1, 'P', '', '', '', '0000-00-00 00:00:00', '0000-00-00 00:00:00'),
	('TTI-0001', 'KADARISMAN', '2014-12-01', '1974-03-19', NULL, 61, 221, 2, '', 1, 'L', '', '', '', '0000-00-00 00:00:00', '0000-00-00 00:00:00'),
	('TTI-0002', 'DIDIK SUKARYO', '2014-01-01', '1977-05-19', NULL, 50, 241, 2, 'TTI-0001', 1, 'L', '', '', '', '0000-00-00 00:00:00', '0000-00-00 00:00:00'),
	('TTI-0003', 'HERI PURWANTO', '2014-02-20', '1986-03-09', NULL, 60, 226, 2, 'TTI-0002', 1, 'L', '', '', '', '0000-00-00 00:00:00', '0000-00-00 00:00:00'),
	('TTI-0004', 'AFIFAH', '2018-01-01', '1967-08-12', NULL, 50, 233, 2, 'TTI-0002', 1, 'P', '', '', '', '0000-00-00 00:00:00', '0000-00-00 00:00:00'),
	('TTI-0005', 'MUZAKAR MUSTAK AMIN', '2014-01-01', '1977-05-29', NULL, 60, 249, 2, 'TTI-0003', 1, 'L', '', '', '', '0000-00-00 00:00:00', '0000-00-00 00:00:00'),
	('TTI-0006', 'PURNOMO HADI KUSUMO', '2017-07-03', '1997-12-10', NULL, 50, 223, 2, 'TTI-0004', 1, 'L', '', '', '', '0000-00-00 00:00:00', '0000-00-00 00:00:00'),
	('TTI-0007', 'SARMIN', '2014-01-01', '1982-01-17', NULL, 49, 234, 2, 'TTI-0002', 1, 'L', '', '', '', '0000-00-00 00:00:00', '0000-00-00 00:00:00'),
	('TTI-0008', 'HAPPY NINA DYAH', '2011-07-01', '1974-09-11', NULL, 49, 245, 2, 'TTI-0002', 1, 'P', '', '', '', '0000-00-00 00:00:00', '0000-00-00 00:00:00'),
	('TTI-0009', 'SATIYO', '2017-01-23', '1978-09-27', NULL, 50, 227, 2, 'TTI-0002', 1, 'L', '', '', '', '0000-00-00 00:00:00', '0000-00-00 00:00:00'),
	('TTI-0010', 'JAUHARUDIN', '2014-06-23', '1988-09-03', NULL, 50, 227, 2, 'TTI-0002', 1, 'L', '', '', '', '0000-00-00 00:00:00', '0000-00-00 00:00:00'),
	('TTI-0011', 'FREDYANTO SAPUTRO', '2014-01-01', '1986-01-18', NULL, 50, 228, 2, 'TTI-0002', 1, 'L', '', '', '', '0000-00-00 00:00:00', '0000-00-00 00:00:00'),
	('TTI-0012', 'KAMDI MUJIYAT', '2014-01-01', '1978-03-10', NULL, 50, 227, 2, 'TTI-0002', 1, 'L', '', '', '', '0000-00-00 00:00:00', '0000-00-00 00:00:00'),
	('TTI-0013', 'DUDUNG', '2014-01-01', '1979-05-11', NULL, 50, 227, 2, 'TTI-0002', 1, 'L', '', '', '', '0000-00-00 00:00:00', '0000-00-00 00:00:00'),
	('TTI-0014', 'SITI FATIMAH', '2015-10-13', '1995-12-26', NULL, 50, 229, 2, 'TTI-0002', 1, 'P', '', '', '', '0000-00-00 00:00:00', '0000-00-00 00:00:00'),
	('TTI-0015', 'ARIF MULYANA', '2014-01-01', '1986-03-14', NULL, 60, 248, 2, 'TTI-0003', 1, 'L', '', '', '', '0000-00-00 00:00:00', '0000-00-00 00:00:00'),
	('TTI-0016', 'ASEP ASYAIB SULAEMAN', '2014-01-01', '1978-08-29', NULL, 60, 238, 2, 'TTI-0022', 1, 'L', '', '', '', '0000-00-00 00:00:00', '0000-00-00 00:00:00'),
	('TTI-0017', 'BUDI YANTO', '2015-02-02', '1984-02-22', NULL, 50, 230, 2, 'TTI-0002', 1, 'L', '', '', '', '0000-00-00 00:00:00', '0000-00-00 00:00:00'),
	('TTI-0018', 'BAMBANG EKO PRANOTO', '2015-03-23', '1989-06-08', NULL, 60, 240, 2, 'TTI-0003', 1, 'L', '', '', '', '0000-00-00 00:00:00', '0000-00-00 00:00:00'),
	('TTI-0019', 'EKO INDRA PERMANA', '2014-01-01', '1987-07-10', NULL, 60, 222, 2, 'TTI-0003', 1, 'L', '', '', '', '0000-00-00 00:00:00', '0000-00-00 00:00:00'),
	('TTI-0020', 'ARIS EFENDI', '2014-01-01', '1984-09-11', NULL, 60, 237, 2, 'TTI-0022', 1, 'L', '', '', '', '0000-00-00 00:00:00', '0000-00-00 00:00:00'),
	('TTI-0021', 'PARMAN', '2014-01-01', '1983-02-01', NULL, 60, 244, 2, 'TTI-0003', 1, 'L', '', '', '', '0000-00-00 00:00:00', '0000-00-00 00:00:00'),
	('TTI-0022', 'NANANG ROHMADI', '2014-01-01', '1986-06-01', NULL, 60, 243, 2, 'TTI-0003', 1, 'L', '', '', '', '0000-00-00 00:00:00', '0000-00-00 00:00:00'),
	('TTI-0023', 'OMAY SUTARDI', '2014-01-01', '1995-06-21', NULL, 60, 237, 2, 'TTI-0022', 1, 'L', '', '', '', '0000-00-00 00:00:00', '0000-00-00 00:00:00'),
	('TTI-0024', 'MOHAMAD CHUDSYI', '2014-03-03', '1982-12-09', NULL, 60, 235, 2, 'TTI-0003', 1, 'L', '', '', '', '0000-00-00 00:00:00', '0000-00-00 00:00:00'),
	('TTI-0025', 'DENI', '2014-06-23', '1987-07-24', NULL, 60, 238, 2, 'TTI-0022', 1, 'L', '', '', '', '0000-00-00 00:00:00', '0000-00-00 00:00:00'),
	('TTI-0026', 'SUKOCO', '2015-03-24', '1990-01-13', NULL, 50, 227, 2, 'TTI-0002', 1, 'L', '', '', '', '0000-00-00 00:00:00', '0000-00-00 00:00:00'),
	('TTI-0027', 'ANDIKA MIJANANTO', '2016-01-04', '1993-08-18', NULL, 60, 237, 2, 'TTI-0022', 1, 'L', '', '', '', '0000-00-00 00:00:00', '0000-00-00 00:00:00'),
	('TTI-0028', 'ATRI WULAN SARI', '2018-05-02', '1993-05-29', NULL, 49, 224, 2, 'TTI-0002', 1, 'P', '', '', '', '0000-00-00 00:00:00', '0000-00-00 00:00:00'),
	('TTI-0030', 'SALSABILA', '2018-08-27', '1996-09-27', NULL, 50, 229, 2, 'TTI-0002', 1, 'P', '', '', '', '0000-00-00 00:00:00', '0000-00-00 00:00:00'),
	('TTI-0031', 'YUNI ASTUTI', '2018-09-10', '1984-06-19', NULL, 50, 227, 2, 'TTI-0002', 1, 'P', '', '', '', '0000-00-00 00:00:00', '0000-00-00 00:00:00'),
	('TTI-0032', 'AAN HARGIYANTO', '2019-02-06', '1986-01-15', NULL, 60, 237, 2, 'TTI-0022', 1, 'L', '', '', '', '0000-00-00 00:00:00', '0000-00-00 00:00:00'),
	('TTI-0033', 'AHMAD NUR WAHID', '2019-02-18', '1996-03-05', NULL, 60, 239, 2, 'TTI-0015', 1, 'L', '', '', '', '0000-00-00 00:00:00', '0000-00-00 00:00:00'),
	('TTI-0034', 'MOCHAMAD IRWAN SETIAWAN', '2019-04-30', '1994-09-14', NULL, 50, 227, 2, 'TTI-0004', 1, 'L', '', '', '', '0000-00-00 00:00:00', '0000-00-00 00:00:00'),
	('TTI-0035', 'UTOMO NUGRAHANTO', '2020-12-10', '1975-11-19', NULL, 50, 232, 2, 'TTI-0002', 1, 'L', '', '', '', '0000-00-00 00:00:00', '0000-00-00 00:00:00'),
	('TTI-0036', 'ANGGA DWI ISWANTO', '2021-03-12', '1999-05-11', NULL, 60, 238, 2, 'TTI-0003', 1, 'L', '', '', '', '0000-00-00 00:00:00', '0000-00-00 00:00:00'),
	('TTI-0037', 'SURAHMAN', '2021-03-22', '1981-10-10', NULL, 50, 231, 2, 'TTI-0002', 1, 'L', '', '', '', '0000-00-00 00:00:00', '0000-00-00 00:00:00'),
	('TTI-0038', 'MUHAMMAD RAMADHAN', '2021-10-04', '1996-02-12', NULL, 50, 236, 2, 'TTI-0002', 1, 'L', '', '', '', '0000-00-00 00:00:00', '0000-00-00 00:00:00'),
	('TTI-0039', 'MUHAMAD HENDROSSINI AR RIZQI', '2021-10-08', '2002-12-09', NULL, 60, 247, 2, 'TTI-0015', 1, 'L', '', '', '', '0000-00-00 00:00:00', '0000-00-00 00:00:00'),
	('TTI-0040', 'FOEUNNA RASEUKI', '2022-01-20', '1997-08-29', NULL, 50, 229, 2, 'TTI-0002', 1, 'P', '', '', '', '0000-00-00 00:00:00', '0000-00-00 00:00:00'),
	('TTI-0041', 'TIARA NUR AFIFAH', '2022-01-25', '1999-05-17', NULL, 60, 242, 2, 'TTI-0003', 1, 'P', '', '', '', '0000-00-00 00:00:00', '0000-00-00 00:00:00'),
	('TTI-0042', 'JOKO TRIATMOJO PAMUNGKAS', '2022-03-21', '1997-06-12', NULL, 60, 238, 2, 'TTI-0022', 1, 'L', '', '', '', '0000-00-00 00:00:00', '0000-00-00 00:00:00'),
	('TTI-0043', 'SURACHMAN', '2022-06-16', '1981-03-22', NULL, 50, 227, 2, 'TTI-0002', 1, 'L', '', '', '', '0000-00-00 00:00:00', '0000-00-00 00:00:00'),
	('TTI-0044', 'BAHRUM DAULAY', '2022-03-21', '1969-04-21', NULL, 50, 227, 2, 'TTI-0002', 1, 'L', '', '', '', '0000-00-00 00:00:00', '0000-00-00 00:00:00'),
	('TTI-0045', 'REYSILAH RAMA', '2022-08-15', '2002-06-04', NULL, 60, 237, 2, 'TTI-0003', 1, 'L', '', '', '', '0000-00-00 00:00:00', '0000-00-00 00:00:00'),
	('TTI-0046', 'HARYANTO', '2022-10-11', '1995-09-21', NULL, 60, 237, 2, 'TTI-0003', 1, 'L', '', '', '', '0000-00-00 00:00:00', '0000-00-00 00:00:00'),
	('TTI-0047', 'RIZKI IQBAL MAULANA', '2022-10-14', '0000-00-00', NULL, 60, 238, 2, 'TTI-0003', 1, 'L', '', '', '', '0000-00-00 00:00:00', '0000-00-00 00:00:00'),
	('TTI-0048', 'NUR ALIAH', '2022-10-31', '2000-05-25', NULL, 60, 246, 2, 'TTI-0015', 1, 'P', '', '', '', '0000-00-00 00:00:00', '0000-00-00 00:00:00');
/*!40000 ALTER TABLE `pegawai` ENABLE KEYS */;

-- Dumping structure for table kpi_obai_baru.pegawai_kpi
CREATE TABLE IF NOT EXISTS `pegawai_kpi` (
  `kd_pk` varchar(40) NOT NULL,
  `nip` varchar(10) DEFAULT NULL,
  `kd_departemen` int(10) unsigned DEFAULT NULL,
  `deskripsi` varchar(255) DEFAULT NULL,
  `bulan` int(10) unsigned DEFAULT NULL,
  `tahun` int(11) DEFAULT NULL,
  `status` tinyint(4) DEFAULT 0 COMMENT '0=proses, 1 = approve, 2=tolak',
  `approved_by` varchar(255) DEFAULT NULL,
  `nip_approver` varchar(10) DEFAULT NULL,
  `user_input` varchar(255) DEFAULT NULL,
  `user_edit` varchar(255) DEFAULT NULL,
  `tgl_input` datetime DEFAULT NULL,
  `tgl_edit` datetime DEFAULT NULL,
  PRIMARY KEY (`kd_pk`),
  KEY `FK_pegawai_kpi_pegawai` (`nip`),
  KEY `FK_pegawai_kpi_departemen` (`kd_departemen`),
  CONSTRAINT `FK_pegawai_kpi_departemen` FOREIGN KEY (`kd_departemen`) REFERENCES `departemen` (`kd_departemen`) ON DELETE SET NULL ON UPDATE CASCADE,
  CONSTRAINT `FK_pegawai_kpi_pegawai` FOREIGN KEY (`nip`) REFERENCES `pegawai` (`nip`) ON DELETE SET NULL ON UPDATE CASCADE
) ENGINE=InnoDB DEFAULT CHARSET=latin1;

-- Dumping data for table kpi_obai_baru.pegawai_kpi: ~0 rows (approximately)
DELETE FROM `pegawai_kpi`;
/*!40000 ALTER TABLE `pegawai_kpi` DISABLE KEYS */;
/*!40000 ALTER TABLE `pegawai_kpi` ENABLE KEYS */;

-- Dumping structure for table kpi_obai_baru.pegawai_kpi_d
CREATE TABLE IF NOT EXISTS `pegawai_kpi_d` (
  `kd_pkd` varchar(45) NOT NULL,
  `kd_pk` varchar(40) NOT NULL,
  `kd_measurement` varchar(10) DEFAULT NULL,
  `kd_dk` varchar(40) DEFAULT NULL,
  `weightage_bd` decimal(10,2) DEFAULT NULL,
  `weightage_bd_persen` decimal(5,2) DEFAULT NULL,
  `weightage_kpi` decimal(10,2) DEFAULT NULL,
  `weightage_kpi_persen` decimal(5,2) DEFAULT NULL,
  `target` decimal(20,0) DEFAULT NULL,
  `target_label` varchar(100) DEFAULT NULL,
  `tipe_target` varchar(10) DEFAULT NULL,
  `status_calculate` tinyint(4) DEFAULT 1 COMMENT '1=hitung,0=tidak',
  `formula` text DEFAULT NULL,
  PRIMARY KEY (`kd_pkd`),
  KEY `FK_pegawai_kpi_d_measurement` (`kd_measurement`),
  KEY `FK_pegawai_kpi_d_pegawai_kpi` (`kd_pk`),
  CONSTRAINT `FK_pegawai_kpi_d_measurement` FOREIGN KEY (`kd_measurement`) REFERENCES `measurement` (`kd_measurement`) ON DELETE SET NULL ON UPDATE CASCADE,
  CONSTRAINT `FK_pegawai_kpi_d_pegawai_kpi` FOREIGN KEY (`kd_pk`) REFERENCES `pegawai_kpi` (`kd_pk`) ON DELETE CASCADE ON UPDATE CASCADE
) ENGINE=InnoDB DEFAULT CHARSET=latin1;

-- Dumping data for table kpi_obai_baru.pegawai_kpi_d: ~0 rows (approximately)
DELETE FROM `pegawai_kpi_d`;
/*!40000 ALTER TABLE `pegawai_kpi_d` DISABLE KEYS */;
/*!40000 ALTER TABLE `pegawai_kpi_d` ENABLE KEYS */;

-- Dumping structure for table kpi_obai_baru.pegawai_kpi_formula
CREATE TABLE IF NOT EXISTS `pegawai_kpi_formula` (
  `kd_pkf` varchar(50) NOT NULL,
  `kd_pkd` varchar(45) DEFAULT NULL,
  `simbol` varchar(10) DEFAULT NULL,
  `value` decimal(20,2) DEFAULT NULL,
  `label` varchar(100) DEFAULT NULL,
  PRIMARY KEY (`kd_pkf`),
  KEY `FK__pegawai_kpi_d` (`kd_pkd`),
  CONSTRAINT `FK__pegawai_kpi_d` FOREIGN KEY (`kd_pkd`) REFERENCES `pegawai_kpi_d` (`kd_pkd`) ON DELETE CASCADE ON UPDATE CASCADE
) ENGINE=InnoDB DEFAULT CHARSET=latin1;

-- Dumping data for table kpi_obai_baru.pegawai_kpi_formula: ~0 rows (approximately)
DELETE FROM `pegawai_kpi_formula`;
/*!40000 ALTER TABLE `pegawai_kpi_formula` DISABLE KEYS */;
/*!40000 ALTER TABLE `pegawai_kpi_formula` ENABLE KEYS */;

-- Dumping structure for table kpi_obai_baru.pegawai_target
CREATE TABLE IF NOT EXISTS `pegawai_target` (
  `kd_pt` varchar(40) NOT NULL,
  `nip` varchar(10) DEFAULT NULL,
  `kd_measurement` varchar(10) DEFAULT NULL,
  `kd_departemen` int(11) unsigned DEFAULT NULL,
  `kd_pk` varchar(40) DEFAULT NULL,
  `bulan` int(11) DEFAULT NULL,
  `tahun` int(11) DEFAULT NULL,
  `deskripsi` varchar(255) DEFAULT NULL,
  `status` tinyint(4) DEFAULT 0 COMMENT '0=proses, 1 = approve, 2=tolak',
  `target_setahun` decimal(20,0) DEFAULT 0,
  `target_setahun_aktual` decimal(20,0) DEFAULT 0,
  `type` varchar(5) DEFAULT '0',
  `unit` varchar(5) DEFAULT '0',
  `period` varchar(5) DEFAULT '0',
  `aggregation` varchar(5) DEFAULT NULL COMMENT 'avg, sum',
  `approved_by` varchar(255) DEFAULT NULL,
  `nip_approver` varchar(10) DEFAULT NULL,
  `user_input` varchar(255) DEFAULT NULL,
  `user_edit` varchar(255) DEFAULT NULL,
  `tgl_input` datetime DEFAULT NULL,
  `tgl_edit` datetime DEFAULT NULL,
  PRIMARY KEY (`kd_pt`),
  KEY `FK_pegawai_target_measurement` (`kd_measurement`),
  KEY `FK_pegawai_target_departemen` (`kd_departemen`),
  KEY `FK_pegawai_target_pegawai_kpi` (`kd_pk`),
  KEY `FK_pegawai_target_pegawai` (`nip`),
  CONSTRAINT `FK_pegawai_target_departemen` FOREIGN KEY (`kd_departemen`) REFERENCES `departemen` (`kd_departemen`) ON DELETE SET NULL ON UPDATE CASCADE,
  CONSTRAINT `FK_pegawai_target_measurement` FOREIGN KEY (`kd_measurement`) REFERENCES `measurement` (`kd_measurement`) ON DELETE SET NULL ON UPDATE CASCADE,
  CONSTRAINT `FK_pegawai_target_pegawai` FOREIGN KEY (`nip`) REFERENCES `pegawai` (`nip`) ON DELETE SET NULL ON UPDATE CASCADE,
  CONSTRAINT `FK_pegawai_target_pegawai_kpi` FOREIGN KEY (`kd_pk`) REFERENCES `pegawai_kpi` (`kd_pk`) ON DELETE CASCADE ON UPDATE CASCADE
) ENGINE=InnoDB DEFAULT CHARSET=latin1;

-- Dumping data for table kpi_obai_baru.pegawai_target: ~0 rows (approximately)
DELETE FROM `pegawai_target`;
/*!40000 ALTER TABLE `pegawai_target` DISABLE KEYS */;
/*!40000 ALTER TABLE `pegawai_target` ENABLE KEYS */;

-- Dumping structure for table kpi_obai_baru.pegawai_target_d
CREATE TABLE IF NOT EXISTS `pegawai_target_d` (
  `kd_ptd` varchar(50) NOT NULL,
  `kd_pt` varchar(40) DEFAULT NULL,
  `bulan` tinyint(4) DEFAULT NULL,
  `target` decimal(20,2) DEFAULT NULL,
  PRIMARY KEY (`kd_ptd`),
  KEY `FK_pegawai_target_d_pegawai_target` (`kd_pt`),
  CONSTRAINT `FK_pegawai_target_d_pegawai_target` FOREIGN KEY (`kd_pt`) REFERENCES `pegawai_target` (`kd_pt`) ON DELETE CASCADE ON UPDATE CASCADE
) ENGINE=InnoDB DEFAULT CHARSET=latin1;

-- Dumping data for table kpi_obai_baru.pegawai_target_d: ~0 rows (approximately)
DELETE FROM `pegawai_target_d`;
/*!40000 ALTER TABLE `pegawai_target_d` DISABLE KEYS */;
/*!40000 ALTER TABLE `pegawai_target_d` ENABLE KEYS */;

-- Dumping structure for table kpi_obai_baru.permission
CREATE TABLE IF NOT EXISTS `permission` (
  `kd_permission` varchar(50) NOT NULL,
  `deskripsi` varchar(255) DEFAULT NULL,
  `kd_menu` int(11) unsigned DEFAULT NULL,
  PRIMARY KEY (`kd_permission`),
  KEY `FK_permission_menu` (`kd_menu`),
  CONSTRAINT `permission_ibfk_1` FOREIGN KEY (`kd_menu`) REFERENCES `menu` (`kd_menu`) ON DELETE SET NULL ON UPDATE CASCADE
) ENGINE=InnoDB DEFAULT CHARSET=latin1 ROW_FORMAT=COMPACT;

-- Dumping data for table kpi_obai_baru.permission: ~84 rows (approximately)
DELETE FROM `permission`;
/*!40000 ALTER TABLE `permission` DISABLE KEYS */;
INSERT INTO `permission` (`kd_permission`, `deskripsi`, `kd_menu`) VALUES
	('activity_user', 'Activity user', 17),
	('add_appraisal', 'add appraisal', 52),
	('add_business_driver', 'add business driver', 49),
	('add_business_driver_bobot', 'add business driver weightage', 49),
	('add_company', 'add company', 41),
	('add_departemen', 'add department', 42),
	('add_departemen_kpi', 'add department KPI', 51),
	('add_departemen_kpi_bobot', 'add department KPI weightage', 51),
	('add_jabatan', 'add role jobs', 43),
	('add_level', 'add level', 44),
	('add_measurement', 'add measurement', 50),
	('add_measurement_bobot', 'add measurement weightage', 50),
	('add_measurement_target', 'add measurement target', 50),
	('add_menu', 'create menu', 19),
	('add_pegawai', 'add employee data', 20),
	('add_pegawai_kpi', 'add employee KPI', 20),
	('add_pegawai_kpi_bobot', 'add employee weightage', 20),
	('add_pegawai_target', 'add employee target', 20),
	('add_permission', 'add data permission', 45),
	('add_perspective', 'add perspective', 48),
	('add_perspective_bobot', 'add perspective weightage', 48),
	('add_user', 'add data user', 17),
	('add_user_role', 'add user role', 18),
	('add_weghtage_company', 'add weightage company', 60),
	('approve_appraisal', 'appraisal approval', 52),
	('change_password', 'change password', 17),
	('delete_business_driver', 'delete business driver', 49),
	('delete_company', 'delete company', 41),
	('delete_departemen', 'delete department', 42),
	('delete_departemen_kpi', 'delete department KPI', 51),
	('delete_jabatan', 'delete role jobs', 43),
	('delete_level', 'delete level', 44),
	('delete_measurement', 'delete measurement', 50),
	('delete_measurement_target', 'delete measurement target', 50),
	('delete_menu', 'delete data menu', 19),
	('delete_pegawai', 'delete employee data', 20),
	('delete_pegawai_kpi', 'delete employee KPI', 20),
	('delete_permission', 'delete data permission', 45),
	('delete_perspective', 'delete perspective', 48),
	('delete_perspective_bobot', 'delete perspective weightage', 48),
	('delete_user', 'delete data user', 17),
	('delete_user_role', 'delete user role', 18),
	('edit_appraisal', 'edit appraisal', 52),
	('edit_appraisal_history', 'edit history appraisal', 53),
	('edit_business_driver', 'edit business driver', 49),
	('edit_company', 'edit company', 41),
	('edit_departemen', 'edit department', 42),
	('edit_departemen_kpi', 'edit Department KPI', 51),
	('edit_jabatan', 'edit role jobs', 43),
	('edit_level', 'edit level', 44),
	('edit_measurement', 'edit measurement', 50),
	('edit_measurement_target', 'edit measurement target', 50),
	('edit_menu', 'edit data menu', 19),
	('edit_pegawai', 'edit employee data', 20),
	('edit_pegawai_kpi', 'edit employee KPI', 20),
	('edit_pegawai_target', 'edit employee target', 20),
	('edit_permission', 'edit data permission', 45),
	('edit_perspective', 'edit perspective', 48),
	('edit_perspective_bobot', 'edit perspective weightage', 48),
	('edit_user', 'edit data user', 17),
	('edit_user_role', 'edit user role', 18),
	('import_pegawai', 'import employee data', 20),
	('reset_password', 'reset password', 17),
	('vew_appraisal_history', 'view history appraisal', 53),
	('view_appraisal', 'view appraisal', 52),
	('view_business_driver', 'view business driver', 49),
	('view_company', 'view company', 41),
	('view_dashboard', 'view dashboard', 1),
	('view_departemen', 'view department', 42),
	('view_departemen_kpi', 'view department KPI', 51),
	('view_jabatan', 'view role jobs', 43),
	('view_level', 'view level', 44),
	('view_measurement', 'view measurement', 50),
	('view_menu', 'view data menu', 19),
	('view_pegawai', 'view employee data', 20),
	('view_pegawai_target', 'view employee target', 20),
	('view_permission', 'view data permission', 45),
	('view_perspective', 'view perspective', 48),
	('view_report_appraisal', 'view appraisal report', 11),
	('view_report_individual', 'view individual report', 12),
	('view_report_pegawai', 'view employee report', 10),
	('view_user', 'view user', 17),
	('view_user_role', 'view user role', 18),
	('view_weightage_peg', 'view weightage employee', 61);
/*!40000 ALTER TABLE `permission` ENABLE KEYS */;

-- Dumping structure for table kpi_obai_baru.perms_groups
CREATE TABLE IF NOT EXISTS `perms_groups` (
  `kd_perms_group` varchar(55) NOT NULL,
  `kd_permission` varchar(50) DEFAULT NULL,
  `id_groups` mediumint(8) unsigned DEFAULT NULL,
  PRIMARY KEY (`kd_perms_group`),
  KEY `FK_perms_groups_permission` (`kd_permission`),
  KEY `FK_perms_groups_groups` (`id_groups`),
  CONSTRAINT `perms_groups_ibfk_1` FOREIGN KEY (`id_groups`) REFERENCES `groups` (`id`) ON DELETE CASCADE ON UPDATE CASCADE,
  CONSTRAINT `perms_groups_ibfk_2` FOREIGN KEY (`kd_permission`) REFERENCES `permission` (`kd_permission`) ON DELETE CASCADE ON UPDATE CASCADE
) ENGINE=InnoDB DEFAULT CHARSET=latin1 ROW_FORMAT=COMPACT;

-- Dumping data for table kpi_obai_baru.perms_groups: ~302 rows (approximately)
DELETE FROM `perms_groups`;
/*!40000 ALTER TABLE `perms_groups` DISABLE KEYS */;
INSERT INTO `perms_groups` (`kd_perms_group`, `kd_permission`, `id_groups`) VALUES
	('1activity_user', 'activity_user', 1),
	('1add_appraisal', 'add_appraisal', 1),
	('1add_business_driver', 'add_business_driver', 1),
	('1add_business_driver_bobot', 'add_business_driver_bobot', 1),
	('1add_company', 'add_company', 1),
	('1add_departemen', 'add_departemen', 1),
	('1add_departemen_kpi', 'add_departemen_kpi', 1),
	('1add_departemen_kpi_bobot', 'add_departemen_kpi_bobot', 1),
	('1add_jabatan', 'add_jabatan', 1),
	('1add_level', 'add_level', 1),
	('1add_measurement', 'add_measurement', 1),
	('1add_measurement_bobot', 'add_measurement_bobot', 1),
	('1add_measurement_target', 'add_measurement_target', 1),
	('1add_menu', 'add_menu', 1),
	('1add_pegawai', 'add_pegawai', 1),
	('1add_pegawai_kpi', 'add_pegawai_kpi', 1),
	('1add_pegawai_kpi_bobot', 'add_pegawai_kpi_bobot', 1),
	('1add_pegawai_target', 'add_pegawai_target', 1),
	('1add_permission', 'add_permission', 1),
	('1add_perspective', 'add_perspective', 1),
	('1add_perspective_bobot', 'add_perspective_bobot', 1),
	('1add_user', 'add_user', 1),
	('1add_user_role', 'add_user_role', 1),
	('1approve_appraisal', 'approve_appraisal', 1),
	('1change_password', 'change_password', 1),
	('1delete_business_driver', 'delete_business_driver', 1),
	('1delete_company', 'delete_company', 1),
	('1delete_departemen', 'delete_departemen', 1),
	('1delete_departemen_kpi', 'delete_departemen_kpi', 1),
	('1delete_jabatan', 'delete_jabatan', 1),
	('1delete_level', 'delete_level', 1),
	('1delete_measurement', 'delete_measurement', 1),
	('1delete_measurement_target', 'delete_measurement_target', 1),
	('1delete_menu', 'delete_menu', 1),
	('1delete_pegawai', 'delete_pegawai', 1),
	('1delete_pegawai_kpi', 'delete_pegawai_kpi', 1),
	('1delete_permission', 'delete_permission', 1),
	('1delete_perspective', 'delete_perspective', 1),
	('1delete_perspective_bobot', 'delete_perspective_bobot', 1),
	('1delete_user', 'delete_user', 1),
	('1delete_user_role', 'delete_user_role', 1),
	('1edit_appraisal', 'edit_appraisal', 1),
	('1edit_appraisal_history', 'edit_appraisal_history', 1),
	('1edit_business_driver', 'edit_business_driver', 1),
	('1edit_company', 'edit_company', 1),
	('1edit_departemen_kpi', 'edit_departemen_kpi', 1),
	('1edit_depatemen', 'edit_departemen', 1),
	('1edit_jabatan', 'edit_jabatan', 1),
	('1edit_level', 'edit_level', 1),
	('1edit_measurement', 'edit_measurement', 1),
	('1edit_measurement_target', 'edit_measurement_target', 1),
	('1edit_menu', 'edit_menu', 1),
	('1edit_pegawai', 'edit_pegawai', 1),
	('1edit_pegawai_kpi', 'edit_pegawai_kpi', 1),
	('1edit_pegawai_target', 'edit_pegawai_target', 1),
	('1edit_permission', 'edit_permission', 1),
	('1edit_perspective', 'edit_perspective', 1),
	('1edit_perspective_bobot', 'edit_perspective_bobot', 1),
	('1edit_user', 'edit_user', 1),
	('1edit_user_role', 'edit_user_role', 1),
	('1import_pegawai', 'import_pegawai', 1),
	('1reset_password', 'reset_password', 1),
	('1vew_appraisal_history', 'vew_appraisal_history', 1),
	('1view_appraisal', 'view_appraisal', 1),
	('1view_business_driver', 'view_business_driver', 1),
	('1view_company', 'view_company', 1),
	('1view_dashboard', 'view_dashboard', 1),
	('1view_departemen', 'view_departemen', 1),
	('1view_departemen_kpi', 'view_departemen_kpi', 1),
	('1view_jabatan', 'view_jabatan', 1),
	('1view_level', 'view_level', 1),
	('1view_measurement', 'view_measurement', 1),
	('1view_menu', 'view_menu', 1),
	('1view_pegawai', 'view_pegawai', 1),
	('1view_pegawai_target', 'view_pegawai_target', 1),
	('1view_permission', 'view_permission', 1),
	('1view_perspective', 'view_perspective', 1),
	('1view_report_appraisal', 'view_report_appraisal', 1),
	('1view_report_individual', 'view_report_individual', 1),
	('1view_report_pegawai', 'view_report_pegawai', 1),
	('1view_user', 'view_user', 1),
	('1view_user_role', 'view_user_role', 1),
	('4add_appraisal', 'add_appraisal', 4),
	('4add_pegawai_kpi', 'add_pegawai_kpi', 4),
	('4add_pegawai_kpi_bobot', 'add_pegawai_kpi_bobot', 4),
	('4add_pegawai_target', 'add_pegawai_target', 4),
	('4approve_appraisal', 'approve_appraisal', 4),
	('4delete_pegawai_kpi', 'delete_pegawai_kpi', 4),
	('4edit_appraisal', 'edit_appraisal', 4),
	('4edit_pegawai_kpi', 'edit_pegawai_kpi', 4),
	('4edit_pegawai_target', 'edit_pegawai_target', 4),
	('4vew_appraisal_history', 'vew_appraisal_history', 4),
	('4view_appraisal', 'view_appraisal', 4),
	('4view_dashboard', 'view_dashboard', 4),
	('4view_departemen_kpi', 'view_departemen_kpi', 4),
	('4view_pegawai', 'view_pegawai', 4),
	('4view_pegawai_target', 'view_pegawai_target', 4),
	('4view_report_appraisal', 'view_report_appraisal', 4),
	('4view_report_individual', 'view_report_individual', 4),
	('4view_report_pegawai', 'view_report_pegawai', 4),
	('5activity_user', 'activity_user', 5),
	('5add_appraisal', 'add_appraisal', 5),
	('5add_business_driver', 'add_business_driver', 5),
	('5add_business_driver_bobot', 'add_business_driver_bobot', 5),
	('5add_departemen_kpi', 'add_departemen_kpi', 5),
	('5add_departemen_kpi_bobot', 'add_departemen_kpi_bobot', 5),
	('5add_jabatan', 'add_jabatan', 5),
	('5add_level', 'add_level', 5),
	('5add_measurement', 'add_measurement', 5),
	('5add_measurement_bobot', 'add_measurement_bobot', 5),
	('5add_measurement_target', 'add_measurement_target', 5),
	('5add_pegawai', 'add_pegawai', 5),
	('5add_pegawai_kpi', 'add_pegawai_kpi', 5),
	('5add_pegawai_kpi_bobot', 'add_pegawai_kpi_bobot', 5),
	('5add_pegawai_target', 'add_pegawai_target', 5),
	('5add_perspective', 'add_perspective', 5),
	('5add_perspective_bobot', 'add_perspective_bobot', 5),
	('5add_user', 'add_user', 5),
	('5add_user_role', 'add_user_role', 5),
	('5add_weghtage_company', 'add_weghtage_company', 5),
	('5approve_appraisal', 'approve_appraisal', 5),
	('5change_password', 'change_password', 5),
	('5delete_business_driver', 'delete_business_driver', 5),
	('5delete_departemen_kpi', 'delete_departemen_kpi', 5),
	('5delete_jabatan', 'delete_jabatan', 5),
	('5delete_level', 'delete_level', 5),
	('5delete_measurement', 'delete_measurement', 5),
	('5delete_measurement_target', 'delete_measurement_target', 5),
	('5delete_pegawai', 'delete_pegawai', 5),
	('5delete_pegawai_kpi', 'delete_pegawai_kpi', 5),
	('5delete_perspective', 'delete_perspective', 5),
	('5delete_perspective_bobot', 'delete_perspective_bobot', 5),
	('5delete_user', 'delete_user', 5),
	('5delete_user_role', 'delete_user_role', 5),
	('5edit_appraisal', 'edit_appraisal', 5),
	('5edit_appraisal_history', 'edit_appraisal_history', 5),
	('5edit_business_driver', 'edit_business_driver', 5),
	('5edit_departemen_kpi', 'edit_departemen_kpi', 5),
	('5edit_jabatan', 'edit_jabatan', 5),
	('5edit_level', 'edit_level', 5),
	('5edit_measurement', 'edit_measurement', 5),
	('5edit_measurement_target', 'edit_measurement_target', 5),
	('5edit_pegawai', 'edit_pegawai', 5),
	('5edit_pegawai_kpi', 'edit_pegawai_kpi', 5),
	('5edit_pegawai_target', 'edit_pegawai_target', 5),
	('5edit_perspective', 'edit_perspective', 5),
	('5edit_perspective_bobot', 'edit_perspective_bobot', 5),
	('5edit_user', 'edit_user', 5),
	('5edit_user_role', 'edit_user_role', 5),
	('5import_pegawai', 'import_pegawai', 5),
	('5reset_password', 'reset_password', 5),
	('5vew_appraisal_history', 'vew_appraisal_history', 5),
	('5view_appraisal', 'view_appraisal', 5),
	('5view_business_driver', 'view_business_driver', 5),
	('5view_dashboard', 'view_dashboard', 5),
	('5view_departemen_kpi', 'view_departemen_kpi', 5),
	('5view_jabatan', 'view_jabatan', 5),
	('5view_level', 'view_level', 5),
	('5view_measurement', 'view_measurement', 5),
	('5view_pegawai', 'view_pegawai', 5),
	('5view_pegawai_target', 'view_pegawai_target', 5),
	('5view_perspective', 'view_perspective', 5),
	('5view_report_appraisal', 'view_report_appraisal', 5),
	('5view_report_individual', 'view_report_individual', 5),
	('5view_report_pegawai', 'view_report_pegawai', 5),
	('5view_user', 'view_user', 5),
	('5view_user_role', 'view_user_role', 5),
	('5view_weightage_peg', 'view_weightage_peg', 5),
	('6activity_user', 'activity_user', 6),
	('6add_appraisal', 'add_appraisal', 6),
	('6add_business_driver', 'add_business_driver', 6),
	('6add_business_driver_bobot', 'add_business_driver_bobot', 6),
	('6add_departemen', 'add_departemen', 6),
	('6add_departemen_kpi', 'add_departemen_kpi', 6),
	('6add_departemen_kpi_bobot', 'add_departemen_kpi_bobot', 6),
	('6add_jabatan', 'add_jabatan', 6),
	('6add_level', 'add_level', 6),
	('6add_measurement', 'add_measurement', 6),
	('6add_measurement_bobot', 'add_measurement_bobot', 6),
	('6add_measurement_target', 'add_measurement_target', 6),
	('6add_pegawai_kpi', 'add_pegawai_kpi', 6),
	('6add_pegawai_kpi_bobot', 'add_pegawai_kpi_bobot', 6),
	('6add_pegawai_target', 'add_pegawai_target', 6),
	('6add_perspective', 'add_perspective', 6),
	('6add_perspective_bobot', 'add_perspective_bobot', 6),
	('6add_user', 'add_user', 6),
	('6add_user_role', 'add_user_role', 6),
	('6add_weghtage_company', 'add_weghtage_company', 6),
	('6approve_appraisal', 'approve_appraisal', 6),
	('6change_password', 'change_password', 6),
	('6delete_business_driver', 'delete_business_driver', 6),
	('6delete_departemen', 'delete_departemen', 6),
	('6delete_departemen_kpi', 'delete_departemen_kpi', 6),
	('6delete_jabatan', 'delete_jabatan', 6),
	('6delete_level', 'delete_level', 6),
	('6delete_measurement', 'delete_measurement', 6),
	('6delete_measurement_target', 'delete_measurement_target', 6),
	('6delete_pegawai_kpi', 'delete_pegawai_kpi', 6),
	('6delete_perspective', 'delete_perspective', 6),
	('6delete_perspective_bobot', 'delete_perspective_bobot', 6),
	('6delete_user', 'delete_user', 6),
	('6delete_user_role', 'delete_user_role', 6),
	('6edit_appraisal', 'edit_appraisal', 6),
	('6edit_appraisal_history', 'edit_appraisal_history', 6),
	('6edit_business_driver', 'edit_business_driver', 6),
	('6edit_company', 'edit_company', 6),
	('6edit_departemen', 'edit_departemen', 6),
	('6edit_departemen_kpi', 'edit_departemen_kpi', 6),
	('6edit_jabatan', 'edit_jabatan', 6),
	('6edit_level', 'edit_level', 6),
	('6edit_measurement', 'edit_measurement', 6),
	('6edit_measurement_target', 'edit_measurement_target', 6),
	('6edit_pegawai_kpi', 'edit_pegawai_kpi', 6),
	('6edit_pegawai_target', 'edit_pegawai_target', 6),
	('6edit_perspective', 'edit_perspective', 6),
	('6edit_perspective_bobot', 'edit_perspective_bobot', 6),
	('6edit_user', 'edit_user', 6),
	('6edit_user_role', 'edit_user_role', 6),
	('6reset_password', 'reset_password', 6),
	('6vew_appraisal_history', 'vew_appraisal_history', 6),
	('6view_appraisal', 'view_appraisal', 6),
	('6view_business_driver', 'view_business_driver', 6),
	('6view_company', 'view_company', 6),
	('6view_dashboard', 'view_dashboard', 6),
	('6view_departemen', 'view_departemen', 6),
	('6view_departemen_kpi', 'view_departemen_kpi', 6),
	('6view_jabatan', 'view_jabatan', 6),
	('6view_level', 'view_level', 6),
	('6view_measurement', 'view_measurement', 6),
	('6view_pegawai', 'view_pegawai', 6),
	('6view_pegawai_target', 'view_pegawai_target', 6),
	('6view_perspective', 'view_perspective', 6),
	('6view_report_appraisal', 'view_report_appraisal', 6),
	('6view_report_individual', 'view_report_individual', 6),
	('6view_report_pegawai', 'view_report_pegawai', 6),
	('6view_user', 'view_user', 6),
	('6view_user_role', 'view_user_role', 6),
	('6view_weightage_peg', 'view_weightage_peg', 6),
	('7add_appraisal', 'add_appraisal', 7),
	('7add_business_driver', 'add_business_driver', 7),
	('7add_business_driver_bobot', 'add_business_driver_bobot', 7),
	('7add_company', 'add_company', 7),
	('7add_departemen', 'add_departemen', 7),
	('7add_departemen_kpi', 'add_departemen_kpi', 7),
	('7add_departemen_kpi_bobot', 'add_departemen_kpi_bobot', 7),
	('7add_jabatan', 'add_jabatan', 7),
	('7add_level', 'add_level', 7),
	('7add_measurement', 'add_measurement', 7),
	('7add_measurement_bobot', 'add_measurement_bobot', 7),
	('7add_measurement_target', 'add_measurement_target', 7),
	('7add_pegawai', 'add_pegawai', 7),
	('7add_pegawai_kpi', 'add_pegawai_kpi', 7),
	('7add_pegawai_kpi_bobot', 'add_pegawai_kpi_bobot', 7),
	('7add_pegawai_target', 'add_pegawai_target', 7),
	('7add_perspective', 'add_perspective', 7),
	('7add_perspective_bobot', 'add_perspective_bobot', 7),
	('7add_user', 'add_user', 7),
	('7approve_appraisal', 'approve_appraisal', 7),
	('7change_password', 'change_password', 7),
	('7delete_business_driver', 'delete_business_driver', 7),
	('7delete_departemen_kpi', 'delete_departemen_kpi', 7),
	('7delete_measurement', 'delete_measurement', 7),
	('7delete_measurement_target', 'delete_measurement_target', 7),
	('7delete_pegawai', 'delete_pegawai', 7),
	('7delete_pegawai_kpi', 'delete_pegawai_kpi', 7),
	('7delete_perspective', 'delete_perspective', 7),
	('7delete_perspective_bobot', 'delete_perspective_bobot', 7),
	('7edit_appraisal', 'edit_appraisal', 7),
	('7edit_appraisal_history', 'edit_appraisal_history', 7),
	('7edit_business_driver', 'edit_business_driver', 7),
	('7edit_company', 'edit_company', 7),
	('7edit_departemen', 'edit_departemen', 7),
	('7edit_departemen_kpi', 'edit_departemen_kpi', 7),
	('7edit_jabatan', 'edit_jabatan', 7),
	('7edit_level', 'edit_level', 7),
	('7edit_measurement', 'edit_measurement', 7),
	('7edit_measurement_target', 'edit_measurement_target', 7),
	('7edit_pegawai', 'edit_pegawai', 7),
	('7edit_pegawai_kpi', 'edit_pegawai_kpi', 7),
	('7edit_pegawai_target', 'edit_pegawai_target', 7),
	('7edit_perspective', 'edit_perspective', 7),
	('7edit_perspective_bobot', 'edit_perspective_bobot', 7),
	('7edit_user', 'edit_user', 7),
	('7import_pegawai', 'import_pegawai', 7),
	('7reset_password', 'reset_password', 7),
	('7vew_appraisal_history', 'vew_appraisal_history', 7),
	('7view_appraisal', 'view_appraisal', 7),
	('7view_business_driver', 'view_business_driver', 7),
	('7view_company', 'view_company', 7),
	('7view_dashboard', 'view_dashboard', 7),
	('7view_departemen', 'view_departemen', 7),
	('7view_departemen_kpi', 'view_departemen_kpi', 7),
	('7view_jabatan', 'view_jabatan', 7),
	('7view_level', 'view_level', 7),
	('7view_measurement', 'view_measurement', 7),
	('7view_pegawai', 'view_pegawai', 7),
	('7view_pegawai_target', 'view_pegawai_target', 7),
	('7view_perspective', 'view_perspective', 7),
	('7view_report_appraisal', 'view_report_appraisal', 7),
	('7view_report_individual', 'view_report_individual', 7),
	('7view_report_pegawai', 'view_report_pegawai', 7),
	('7view_user', 'view_user', 7);
/*!40000 ALTER TABLE `perms_groups` ENABLE KEYS */;

-- Dumping structure for table kpi_obai_baru.perspective
CREATE TABLE IF NOT EXISTS `perspective` (
  `kd_perspective` varchar(10) NOT NULL COMMENT 'code global',
  `kd_ps` varchar(5) NOT NULL COMMENT 'code untuk per perusahaan',
  `nm_perspective` varchar(255) DEFAULT NULL,
  `kd_perusahaan` int(11) DEFAULT NULL,
  PRIMARY KEY (`kd_perspective`),
  KEY `FK_perspective_perusahaan` (`kd_perusahaan`),
  CONSTRAINT `FK_perspective_perusahaan` FOREIGN KEY (`kd_perusahaan`) REFERENCES `perusahaan` (`kd_perusahaan`) ON DELETE SET NULL ON UPDATE CASCADE
) ENGINE=InnoDB DEFAULT CHARSET=latin1;

-- Dumping data for table kpi_obai_baru.perspective: ~12 rows (approximately)
DELETE FROM `perspective`;
/*!40000 ALTER TABLE `perspective` DISABLE KEYS */;
INSERT INTO `perspective` (`kd_perspective`, `kd_ps`, `nm_perspective`, `kd_perusahaan`) VALUES
	('C2', 'C', 'The Customer perspective', 2),
	('C3', 'C', 'The Customer perspective', 3),
	('C4', 'C', 'The Customer perspective', 4),
	('C5', 'C', 'The Customer perspective', 5),
	('F2', 'F', 'The Finance perspective', 2),
	('F3', 'F', 'The Finance perspective', 3),
	('F4', 'F', 'The Finance perspective', 4),
	('F5', 'F', 'The Finance perspective', 5),
	('H2', 'H', 'The Learning and Growth perspective', 2),
	('H3', 'H', 'The Learning and Growth perspective', 3),
	('H4', 'H', 'The Learning and Growth perspective', 4),
	('H5', 'H', 'The Learning and Growth perspective', 5),
	('P2', 'P', 'The Internal Process Perspective', 2),
	('P3', 'P', 'The Internal Process Perspective', 3),
	('P4', 'P', 'The Internal Process Perspective', 4),
	('P5', 'P', 'The Internal Process Perspective', 5);
/*!40000 ALTER TABLE `perspective` ENABLE KEYS */;

-- Dumping structure for table kpi_obai_baru.perspective_bobot
CREATE TABLE IF NOT EXISTS `perspective_bobot` (
  `kd_pb` varchar(15) NOT NULL,
  `kd_perspective` varchar(10) DEFAULT NULL,
  `weightage` int(11) DEFAULT NULL,
  `weightage_persen` decimal(5,2) DEFAULT NULL,
  `tahun` int(11) DEFAULT NULL,
  `status` tinyint(4) DEFAULT 0 COMMENT '0=proses, 1 = approve, 2=tolak',
  `approved_by` varchar(255) DEFAULT NULL,
  `nip_approver` varchar(10) DEFAULT NULL,
  `user_input` varchar(255) DEFAULT NULL,
  `user_edit` varchar(255) DEFAULT NULL,
  `tgl_input` datetime DEFAULT NULL,
  `tgl_edit` datetime DEFAULT NULL,
  PRIMARY KEY (`kd_pb`),
  KEY `FK_perspective_bobot_perspective` (`kd_perspective`),
  CONSTRAINT `FK_perspective_bobot_perspective` FOREIGN KEY (`kd_perspective`) REFERENCES `perspective` (`kd_perspective`) ON DELETE CASCADE ON UPDATE CASCADE
) ENGINE=InnoDB DEFAULT CHARSET=latin1;

-- Dumping data for table kpi_obai_baru.perspective_bobot: ~0 rows (approximately)
DELETE FROM `perspective_bobot`;
/*!40000 ALTER TABLE `perspective_bobot` DISABLE KEYS */;
INSERT INTO `perspective_bobot` (`kd_pb`, `kd_perspective`, `weightage`, `weightage_persen`, `tahun`, `status`, `approved_by`, `nip_approver`, `user_input`, `user_edit`, `tgl_input`, `tgl_edit`) VALUES
	('C22023', 'C2', 1, NULL, 2023, 1, NULL, NULL, 'admin@admin.com', NULL, '2022-12-21 09:50:04', NULL),
	('C32023', 'C3', 1, NULL, 2023, 1, NULL, NULL, 'admin@admin.com', NULL, '2022-12-21 09:50:04', NULL),
	('C42023', 'C4', 1, NULL, 2023, 1, NULL, NULL, 'admin@admin.com', NULL, '2022-12-21 09:50:04', NULL),
	('C52023', 'C5', 1, NULL, 2023, 1, NULL, NULL, 'admin@admin.com', NULL, '2022-12-21 09:50:04', NULL),
	('F22023', 'F2', 1, NULL, 2023, 1, NULL, NULL, 'admin@admin.com', NULL, '2022-12-21 09:50:26', NULL),
	('F32023', 'F3', 1, NULL, 2023, 1, NULL, NULL, 'admin@admin.com', NULL, '2022-12-21 09:50:26', NULL),
	('F42023', 'F4', 1, NULL, 2023, 1, NULL, NULL, 'admin@admin.com', NULL, '2022-12-21 09:50:26', NULL),
	('F52023', 'F5', 1, NULL, 2023, 1, NULL, NULL, 'admin@admin.com', NULL, '2022-12-21 09:50:26', NULL),
	('H22023', 'H2', 1, NULL, 2023, 1, NULL, NULL, 'admin@admin.com', NULL, '2022-12-21 09:50:42', NULL),
	('H32023', 'H3', 1, NULL, 2023, 1, NULL, NULL, 'admin@admin.com', NULL, '2022-12-21 09:50:42', NULL),
	('H42023', 'H4', 1, NULL, 2023, 1, NULL, NULL, 'admin@admin.com', NULL, '2022-12-21 09:50:42', NULL),
	('H52023', 'H5', 1, NULL, 2023, 1, NULL, NULL, 'admin@admin.com', NULL, '2022-12-21 09:50:42', NULL),
	('P22023', 'P2', 1, NULL, 2023, 1, NULL, NULL, 'admin@admin.com', NULL, '2022-12-21 09:50:59', NULL),
	('P32023', 'P3', 1, NULL, 2023, 1, NULL, NULL, 'admin@admin.com', NULL, '2022-12-21 09:50:59', NULL),
	('P42023', 'P4', 1, NULL, 2023, 1, NULL, NULL, 'admin@admin.com', NULL, '2022-12-21 09:50:59', NULL),
	('P52023', 'P5', 1, NULL, 2023, 1, NULL, NULL, 'admin@admin.com', NULL, '2022-12-21 09:50:59', NULL);
/*!40000 ALTER TABLE `perspective_bobot` ENABLE KEYS */;

-- Dumping structure for table kpi_obai_baru.perspective_result
CREATE TABLE IF NOT EXISTS `perspective_result` (
  `kd_pr` varchar(20) NOT NULL,
  `kd_perspective` varchar(10) DEFAULT NULL,
  `bulan` tinyint(4) DEFAULT NULL,
  `tahun` int(11) DEFAULT NULL,
  `weightage` decimal(5,4) DEFAULT NULL,
  `score` double(5,4) DEFAULT NULL,
  `result` decimal(5,4) DEFAULT NULL,
  `point_result` decimal(5,2) DEFAULT NULL,
  `user_input` varchar(255) DEFAULT NULL,
  `user_edit` varchar(255) DEFAULT NULL,
  `tgl_input` datetime DEFAULT NULL,
  `tgl_edit` datetime DEFAULT NULL,
  PRIMARY KEY (`kd_pr`),
  KEY `FK_perspective_result_perspective` (`kd_perspective`),
  CONSTRAINT `FK_perspective_result_perspective` FOREIGN KEY (`kd_perspective`) REFERENCES `perspective` (`kd_perspective`) ON DELETE SET NULL ON UPDATE CASCADE
) ENGINE=InnoDB DEFAULT CHARSET=latin1;

-- Dumping data for table kpi_obai_baru.perspective_result: ~0 rows (approximately)
DELETE FROM `perspective_result`;
/*!40000 ALTER TABLE `perspective_result` DISABLE KEYS */;
/*!40000 ALTER TABLE `perspective_result` ENABLE KEYS */;

-- Dumping structure for table kpi_obai_baru.perusahaan
CREATE TABLE IF NOT EXISTS `perusahaan` (
  `kd_perusahaan` int(11) NOT NULL AUTO_INCREMENT,
  `nm_perusahaan` varchar(255) DEFAULT NULL,
  `alamat` varchar(255) DEFAULT NULL,
  `telepon` varchar(50) DEFAULT NULL,
  `fax` varchar(50) DEFAULT NULL,
  `logo` varchar(255) DEFAULT NULL,
  `user_input` varchar(255) DEFAULT NULL,
  `user_edit` varchar(255) DEFAULT NULL,
  `tgl_input` datetime DEFAULT NULL,
  `tgl_edit` datetime DEFAULT NULL,
  PRIMARY KEY (`kd_perusahaan`)
) ENGINE=InnoDB AUTO_INCREMENT=9 DEFAULT CHARSET=latin1;

-- Dumping data for table kpi_obai_baru.perusahaan: ~7 rows (approximately)
DELETE FROM `perusahaan`;
/*!40000 ALTER TABLE `perusahaan` DISABLE KEYS */;
INSERT INTO `perusahaan` (`kd_perusahaan`, `nm_perusahaan`, `alamat`, `telepon`, `fax`, `logo`, `user_input`, `user_edit`, `tgl_input`, `tgl_edit`) VALUES
	(1, 'Titan Sentra Inovasi (TSI)', '', '', '', '', '', '', '0000-00-00 00:00:00', '0000-00-00 00:00:00'),
	(2, 'Titan Teknikatama Indonesia (TITEK)', 'Kawasan Delta Silicon 2 Jl. Gaharu Blok F5 No. 10A Lippo Cikarang, Cibatu Cikarang Selatan Bekasi  17550 Indonesia', '', '', '', '', '', '0000-00-00 00:00:00', '0000-00-00 00:00:00'),
	(3, 'Oerlikon Balzers Artoda Indonesia (OBAI)', 'Kawasan Delta Silicon 2 Jl. Gaharu Blok F5 No. 10A Lippo Cikarang, Cibatu Cikarang Selatan Bekasi  17550 Indonesia', '', '', '', '', '', '0000-00-00 00:00:00', '0000-00-00 00:00:00'),
	(4, 'Mandiri Transforma Global (Aequus)', 'Kawasan Delta Silicon 2 Jl. Gaharu Blok F5 No. 10A Lippo Cikarang, Cibatu Cikarang Selatan Bekasi  17550 Indonesia', '', '', '', '', '', '0000-00-00 00:00:00', '0000-00-00 00:00:00'),
	(5, 'Titan Nusa Solusi (Solusi)', '', '', '', '', '', '', '0000-00-00 00:00:00', '0000-00-00 00:00:00'),
	(6, 'Titan Adhya Jaya Indoraya (TAJIR)', '', '', '', '', '', '', '0000-00-00 00:00:00', '0000-00-00 00:00:00'),
	(7, 'Titan Otomotif Ventura Indonesia (TAVI)', '', '', '', '', '', '', '0000-00-00 00:00:00', '0000-00-00 00:00:00'),
	(8, 'Titan Nusa Sejati (Tsyn)', NULL, NULL, NULL, NULL, NULL, NULL, NULL, NULL);
/*!40000 ALTER TABLE `perusahaan` ENABLE KEYS */;

-- Dumping structure for table kpi_obai_baru.users
CREATE TABLE IF NOT EXISTS `users` (
  `id` int(11) unsigned NOT NULL AUTO_INCREMENT,
  `ip_address` varchar(45) CHARACTER SET utf8 NOT NULL,
  `username` varchar(100) CHARACTER SET utf8 DEFAULT NULL,
  `password` varchar(255) CHARACTER SET utf8 NOT NULL,
  `email` varchar(254) CHARACTER SET utf8 NOT NULL,
  `activation_selector` varchar(255) CHARACTER SET utf8 DEFAULT NULL,
  `activation_code` varchar(255) CHARACTER SET utf8 DEFAULT NULL,
  `forgotten_password_selector` varchar(255) CHARACTER SET utf8 DEFAULT NULL,
  `forgotten_password_code` varchar(255) CHARACTER SET utf8 DEFAULT NULL,
  `forgotten_password_time` int(11) unsigned DEFAULT NULL,
  `remember_selector` varchar(255) CHARACTER SET utf8 DEFAULT NULL,
  `remember_code` varchar(255) CHARACTER SET utf8 DEFAULT NULL,
  `created_on` int(11) unsigned NOT NULL,
  `last_login` int(11) unsigned DEFAULT NULL,
  `active` tinyint(1) unsigned DEFAULT NULL,
  `nip` varchar(10) CHARACTER SET utf8 DEFAULT NULL,
  `first_name` varchar(50) CHARACTER SET utf8 DEFAULT NULL,
  `last_name` varchar(50) CHARACTER SET utf8 DEFAULT NULL,
  `company` varchar(100) CHARACTER SET utf8 DEFAULT NULL,
  `phone` varchar(20) CHARACTER SET utf8 DEFAULT NULL,
  `image` varchar(255) DEFAULT NULL,
  `user_auth` text DEFAULT NULL,
  PRIMARY KEY (`id`),
  UNIQUE KEY `uc_email` (`email`),
  UNIQUE KEY `uc_activation_selector` (`activation_selector`),
  UNIQUE KEY `uc_forgotten_password_selector` (`forgotten_password_selector`),
  UNIQUE KEY `uc_remember_selector` (`remember_selector`),
  UNIQUE KEY `username` (`username`)
) ENGINE=InnoDB AUTO_INCREMENT=208 DEFAULT CHARSET=latin1;

-- Dumping data for table kpi_obai_baru.users: ~207 rows (approximately)
DELETE FROM `users`;
/*!40000 ALTER TABLE `users` DISABLE KEYS */;
INSERT INTO `users` (`id`, `ip_address`, `username`, `password`, `email`, `activation_selector`, `activation_code`, `forgotten_password_selector`, `forgotten_password_code`, `forgotten_password_time`, `remember_selector`, `remember_code`, `created_on`, `last_login`, `active`, `nip`, `first_name`, `last_name`, `company`, `phone`, `image`, `user_auth`) VALUES
	(1, '127.0.0.1', 'administrator', '$2y$12$vaI..r1F7/aY8iM/JZsuFuENtqVjg34sVnaaR9LcO9t/OgpIyW00i', 'admin@admin.com', NULL, '', NULL, NULL, NULL, 'c1eb03e25f059e925ce6a1b512f03beb64e9aa31', '$2y$10$1jwNiHhxU2qFNK9noUNQiu5aUsB9Q76eBYUx4dP2qGINlmLG5AN.O', 1268889823, 1671593801, 1, 'AD001', 'Admin', NULL, NULL, '0', 'fotoAD00121022696.jpg', 'ZWZiMWQ2YWI3NjczOWI3Mjg0NWFkYzNiZjQyODZiOWExS1BJOTQzNDY0T1I='),
	(2, '127.0.0.1', 'OBAI-0001', '$2y$10$t1sxMPVKnbjHO4favNzQi.TGlaMr9cPxyMRaEHSG0.1OVVcu0PCx6', 'suhendraachmad01@gmail.com', NULL, NULL, NULL, NULL, NULL, NULL, NULL, 1671076051, 1671592786, 1, 'OBAI-0001', 'ACHMAD SUHENDRA', '', 'Oerlikon Balzers Artoda Indonesia (OBAI)', '', '', ''),
	(3, '127.0.0.1', 'OBAI-0002', '$2y$10$t1sxMPVKnbjHO4favNzQi.TGlaMr9cPxyMRaEHSG0.1OVVcu0PCx6', 'adekurnialsw@gmail.com', NULL, NULL, NULL, NULL, NULL, NULL, NULL, 1671076051, NULL, 1, 'OBAI-0002', 'ADE KURNIA LARASATI WIJAYA', '', 'Oerlikon Balzers Artoda Indonesia (OBAI)', '', '', ''),
	(4, '127.0.0.1', 'OBAI-0003', '$2y$10$t1sxMPVKnbjHO4favNzQi.TGlaMr9cPxyMRaEHSG0.1OVVcu0PCx6', 'adha.irawan19@gmail.com', NULL, NULL, NULL, NULL, NULL, NULL, NULL, 1671076051, NULL, 1, 'OBAI-0003', 'ADHA IRAWAN', '', 'Oerlikon Balzers Artoda Indonesia (OBAI)', '', '', ''),
	(5, '127.0.0.1', 'OBAI-0004', '$2y$10$t1sxMPVKnbjHO4favNzQi.TGlaMr9cPxyMRaEHSG0.1OVVcu0PCx6', 'adimito080982@gmail.com', NULL, NULL, NULL, NULL, NULL, NULL, NULL, 1671076051, NULL, 1, 'OBAI-0004', 'ADI DWISASMITO', '', 'Oerlikon Balzers Artoda Indonesia (OBAI)', '', '', ''),
	(6, '127.0.0.1', 'OBAI-0005', '$2y$10$t1sxMPVKnbjHO4favNzQi.TGlaMr9cPxyMRaEHSG0.1OVVcu0PCx6', 'adisabara07@gmail.com', NULL, NULL, NULL, NULL, NULL, NULL, NULL, 1671076051, NULL, 1, 'OBAI-0005', 'ADI SABARA', '', 'Oerlikon Balzers Artoda Indonesia (OBAI)', '', '', ''),
	(7, '127.0.0.1', 'OBAI-0006', '$2y$10$t1sxMPVKnbjHO4favNzQi.TGlaMr9cPxyMRaEHSG0.1OVVcu0PCx6', 'adnan.cibarusah@gmail.com', NULL, NULL, NULL, NULL, NULL, NULL, NULL, 1671076051, NULL, 1, 'OBAI-0006', 'ADNAN', '', 'Oerlikon Balzers Artoda Indonesia (OBAI)', '', '', ''),
	(8, '127.0.0.1', 'OBAI-0007', '$2y$10$t1sxMPVKnbjHO4favNzQi.TGlaMr9cPxyMRaEHSG0.1OVVcu0PCx6', 'agung.wicaksono@obai.co.id', NULL, NULL, NULL, NULL, NULL, NULL, NULL, 1671076051, NULL, 1, 'OBAI-0007', 'AGUNG WICAKSONO', '', 'Oerlikon Balzers Artoda Indonesia (OBAI)', '', '', ''),
	(9, '127.0.0.1', 'OBAI-0008', '$2y$10$t1sxMPVKnbjHO4favNzQi.TGlaMr9cPxyMRaEHSG0.1OVVcu0PCx6', 'wagus462@gmail.com', NULL, NULL, NULL, NULL, NULL, NULL, NULL, 1671076051, NULL, 1, 'OBAI-0008', 'AGUS WAHYUDI', '', 'Oerlikon Balzers Artoda Indonesia (OBAI)', '', '', ''),
	(10, '127.0.0.1', 'OBAI-0009', '$2y$10$t1sxMPVKnbjHO4favNzQi.TGlaMr9cPxyMRaEHSG0.1OVVcu0PCx6', 'ajat.ba@gmail.com', NULL, NULL, NULL, NULL, NULL, NULL, NULL, 1671076051, NULL, 1, 'OBAI-0009', 'AJAT', '', 'Oerlikon Balzers Artoda Indonesia (OBAI)', '', '', ''),
	(11, '127.0.0.1', 'OBAI-0010', '$2y$10$t1sxMPVKnbjHO4favNzQi.TGlaMr9cPxyMRaEHSG0.1OVVcu0PCx6', 'Andry.thamrin@obai.co.id', NULL, NULL, NULL, NULL, NULL, NULL, NULL, 1671076051, NULL, 1, 'OBAI-0010', 'ANDRY', '', 'Oerlikon Balzers Artoda Indonesia (OBAI)', '', '', ''),
	(12, '127.0.0.1', 'OBAI-0011', '$2y$10$t1sxMPVKnbjHO4favNzQi.TGlaMr9cPxyMRaEHSG0.1OVVcu0PCx6', 'aprilianurafifah44@gmail.com', NULL, NULL, NULL, NULL, NULL, NULL, NULL, 1671076051, NULL, 1, 'OBAI-0011', 'APRILIA NUR AFIFAH', '', 'Oerlikon Balzers Artoda Indonesia (OBAI)', '', '', ''),
	(13, '127.0.0.1', 'OBAI-0012', '$2y$10$t1sxMPVKnbjHO4favNzQi.TGlaMr9cPxyMRaEHSG0.1OVVcu0PCx6', 'ardi.y275@gmail.com', NULL, NULL, NULL, NULL, NULL, NULL, NULL, 1671076051, NULL, 1, 'OBAI-0012', 'ARDI JAYANTO', '', 'Oerlikon Balzers Artoda Indonesia (OBAI)', '', '', ''),
	(14, '127.0.0.1', 'OBAI-0013', '$2y$10$t1sxMPVKnbjHO4favNzQi.TGlaMr9cPxyMRaEHSG0.1OVVcu0PCx6', 'deriwulan356@gmail.com', NULL, NULL, NULL, NULL, NULL, NULL, NULL, 1671076051, NULL, 1, 'OBAI-0013', 'ARFANDIANTO', '', 'Oerlikon Balzers Artoda Indonesia (OBAI)', '', '', ''),
	(15, '127.0.0.1', 'OBAI-0014', '$2y$10$t1sxMPVKnbjHO4favNzQi.TGlaMr9cPxyMRaEHSG0.1OVVcu0PCx6', 'ata.saputra0606@gmail.com', NULL, NULL, NULL, NULL, NULL, NULL, NULL, 1671076051, 1671596057, 1, 'OBAI-0014', 'ATA SAPUTRA', '', 'Oerlikon Balzers Artoda Indonesia (OBAI)', '', '', ''),
	(16, '127.0.0.1', 'OBAI-0015', '$2y$10$t1sxMPVKnbjHO4favNzQi.TGlaMr9cPxyMRaEHSG0.1OVVcu0PCx6', 'bambang.hendro@oerlikon.com', NULL, NULL, NULL, NULL, NULL, NULL, NULL, 1671076051, NULL, 1, 'OBAI-0015', 'BAMBANG HENDRO PRAYITNO', '', 'Oerlikon Balzers Artoda Indonesia (OBAI)', '', '', ''),
	(17, '127.0.0.1', 'OBAI-0016', '$2y$10$t1sxMPVKnbjHO4favNzQi.TGlaMr9cPxyMRaEHSG0.1OVVcu0PCx6', 'benediktus.beliko@gmail.com', NULL, NULL, NULL, NULL, NULL, NULL, NULL, 1671076051, NULL, 1, 'OBAI-0016', 'BENEDIKTUS BELIKO SITANGGANG', '', 'Oerlikon Balzers Artoda Indonesia (OBAI)', '', '', ''),
	(18, '127.0.0.1', 'OBAI-0017', '$2y$10$t1sxMPVKnbjHO4favNzQi.TGlaMr9cPxyMRaEHSG0.1OVVcu0PCx6', 'budiyono994@gmail.com', NULL, NULL, NULL, NULL, NULL, NULL, NULL, 1671076051, NULL, 1, 'OBAI-0017', 'BUDIYONO', '', 'Oerlikon Balzers Artoda Indonesia (OBAI)', '', '', ''),
	(19, '127.0.0.1', 'OBAI-0018', '$2y$10$t1sxMPVKnbjHO4favNzQi.TGlaMr9cPxyMRaEHSG0.1OVVcu0PCx6', 'romadonacandra@gmail.com', NULL, NULL, NULL, NULL, NULL, NULL, NULL, 1671076051, NULL, 1, 'OBAI-0018', 'CANDRA ROMADONA', '', 'Oerlikon Balzers Artoda Indonesia (OBAI)', '', '', ''),
	(20, '127.0.0.1', 'OBAI-0019', '$2y$10$t1sxMPVKnbjHO4favNzQi.TGlaMr9cPxyMRaEHSG0.1OVVcu0PCx6', 'epiacika11@gmail.com', NULL, NULL, NULL, NULL, NULL, NULL, NULL, 1671076051, 1671592820, 1, 'OBAI-0019', 'CIKA EPIA', '', 'Oerlikon Balzers Artoda Indonesia (OBAI)', '', '', ''),
	(21, '127.0.0.1', 'OBAI-0020', '$2y$10$t1sxMPVKnbjHO4favNzQi.TGlaMr9cPxyMRaEHSG0.1OVVcu0PCx6', 'darussalam7t@gmail.com', NULL, NULL, NULL, NULL, NULL, NULL, NULL, 1671076051, NULL, 1, 'OBAI-0020', 'DARUSSALAM', '', 'Oerlikon Balzers Artoda Indonesia (OBAI)', '', '', ''),
	(22, '127.0.0.1', 'OBAI-0021', '$2y$10$t1sxMPVKnbjHO4favNzQi.TGlaMr9cPxyMRaEHSG0.1OVVcu0PCx6', 'dasukianarki@gmail.com', NULL, NULL, NULL, NULL, NULL, NULL, NULL, 1671076051, NULL, 1, 'OBAI-0021', 'DASUKI', '', 'Oerlikon Balzers Artoda Indonesia (OBAI)', '', '', ''),
	(23, '127.0.0.1', 'OBAI-0022', '$2y$10$t1sxMPVKnbjHO4favNzQi.TGlaMr9cPxyMRaEHSG0.1OVVcu0PCx6', 'dediapriyadi1917@gmail.com', NULL, NULL, NULL, NULL, NULL, NULL, NULL, 1671076051, 1671593084, 1, 'OBAI-0022', 'DEDI APRIYADI', '', 'Oerlikon Balzers Artoda Indonesia (OBAI)', '', '', ''),
	(24, '127.0.0.1', 'OBAI-0023', '$2y$10$t1sxMPVKnbjHO4favNzQi.TGlaMr9cPxyMRaEHSG0.1OVVcu0PCx6', 'alexander.denis86@gmail.com', NULL, NULL, NULL, NULL, NULL, NULL, NULL, 1671076051, NULL, 1, 'OBAI-0023', 'DENIS KAMAJAYA', '', 'Oerlikon Balzers Artoda Indonesia (OBAI)', '', '', ''),
	(25, '127.0.0.1', 'OBAI-0024', '$2y$10$t1sxMPVKnbjHO4favNzQi.TGlaMr9cPxyMRaEHSG0.1OVVcu0PCx6', 'dirmand50@gmail.com', NULL, NULL, NULL, NULL, NULL, NULL, NULL, 1671076051, NULL, 1, 'OBAI-0024', 'DIRMAN', '', 'Oerlikon Balzers Artoda Indonesia (OBAI)', '', '', ''),
	(26, '127.0.0.1', 'OBAI-0025', '$2y$10$t1sxMPVKnbjHO4favNzQi.TGlaMr9cPxyMRaEHSG0.1OVVcu0PCx6', 'dwi.reni@obai.co.id', NULL, NULL, NULL, NULL, NULL, NULL, NULL, 1671076051, NULL, 1, 'OBAI-0025', 'DWI SETYO WIRENI', '', 'Oerlikon Balzers Artoda Indonesia (OBAI)', '', '', ''),
	(27, '127.0.0.1', 'OBAI-0026', '$2y$10$t1sxMPVKnbjHO4favNzQi.TGlaMr9cPxyMRaEHSG0.1OVVcu0PCx6', 'ekoanto2000@gmail.com', NULL, NULL, NULL, NULL, NULL, NULL, NULL, 1671076051, NULL, 1, 'OBAI-0026', 'EKO SUSANTO', '', 'Oerlikon Balzers Artoda Indonesia (OBAI)', '', '', ''),
	(28, '127.0.0.1', 'OBAI-0027', '$2y$10$t1sxMPVKnbjHO4favNzQi.TGlaMr9cPxyMRaEHSG0.1OVVcu0PCx6', 'eko_widayanto80@yahoo.co.id', NULL, NULL, NULL, NULL, NULL, NULL, NULL, 1671076051, NULL, 1, 'OBAI-0027', 'EKO WIDAYANTO', '', 'Oerlikon Balzers Artoda Indonesia (OBAI)', '', '', ''),
	(29, '127.0.0.1', 'OBAI-0028', '$2y$10$t1sxMPVKnbjHO4favNzQi.TGlaMr9cPxyMRaEHSG0.1OVVcu0PCx6', 'nameerasaputri11@gmail.com', NULL, NULL, NULL, NULL, NULL, NULL, NULL, 1671076051, NULL, 1, 'OBAI-0028', 'ENDRA SAPUTRA', '', 'Oerlikon Balzers Artoda Indonesia (OBAI)', '', '', ''),
	(30, '127.0.0.1', 'OBAI-0029', '$2y$10$t1sxMPVKnbjHO4favNzQi.TGlaMr9cPxyMRaEHSG0.1OVVcu0PCx6', 'ermanwiguna1933@gmail.com', NULL, NULL, NULL, NULL, NULL, NULL, NULL, 1671076051, NULL, 1, 'OBAI-0029', 'ERMAN WIGUNA', '', 'Oerlikon Balzers Artoda Indonesia (OBAI)', '', '', ''),
	(31, '127.0.0.1', 'OBAI-0030', '$2y$10$t1sxMPVKnbjHO4favNzQi.TGlaMr9cPxyMRaEHSG0.1OVVcu0PCx6', 'fauzifahmi2@gmail.com', NULL, NULL, NULL, NULL, NULL, NULL, NULL, 1671076051, NULL, 1, 'OBAI-0030', 'FAHMI FAUZI', '', 'Oerlikon Balzers Artoda Indonesia (OBAI)', '', '', ''),
	(32, '127.0.0.1', 'OBAI-0031', '$2y$10$t1sxMPVKnbjHO4favNzQi.TGlaMr9cPxyMRaEHSG0.1OVVcu0PCx6', 'fitri.komalasari@obai.co.id', NULL, NULL, NULL, NULL, NULL, NULL, NULL, 1671076051, NULL, 1, 'OBAI-0031', 'FITRI KOMALASARI', '', 'Oerlikon Balzers Artoda Indonesia (OBAI)', '', '', ''),
	(33, '127.0.0.1', 'OBAI-0032', '$2y$10$t1sxMPVKnbjHO4favNzQi.TGlaMr9cPxyMRaEHSG0.1OVVcu0PCx6', 'worth.salt@gmail.com', NULL, NULL, NULL, NULL, NULL, NULL, NULL, 1671076051, NULL, 1, 'OBAI-0032', 'FX TERRY TEGAR ARDHI SUSENO', '', 'Oerlikon Balzers Artoda Indonesia (OBAI)', '', '', ''),
	(34, '127.0.0.1', 'OBAI-0033', '$2y$10$t1sxMPVKnbjHO4favNzQi.TGlaMr9cPxyMRaEHSG0.1OVVcu0PCx6', 'hari.dwiyanto@titan-corporation.com', NULL, NULL, NULL, NULL, NULL, NULL, NULL, 1671076051, NULL, 1, 'OBAI-0033', 'HARI DWIYANTO', '', 'Oerlikon Balzers Artoda Indonesia (OBAI)', '', '', ''),
	(35, '127.0.0.1', 'OBAI-0034', '$2y$10$t1sxMPVKnbjHO4favNzQi.TGlaMr9cPxyMRaEHSG0.1OVVcu0PCx6', 'Ika.risnawati@obai.co.id', NULL, NULL, NULL, NULL, NULL, NULL, NULL, 1671076051, NULL, 1, 'OBAI-0034', 'IKA RISNAWATI', '', 'Oerlikon Balzers Artoda Indonesia (OBAI)', '', '', ''),
	(36, '127.0.0.1', 'OBAI-0035', '$2y$10$t1sxMPVKnbjHO4favNzQi.TGlaMr9cPxyMRaEHSG0.1OVVcu0PCx6', 'nathanilham21@gmail.com', NULL, NULL, NULL, NULL, NULL, NULL, NULL, 1671076051, NULL, 1, 'OBAI-0035', 'ILHAM PRASETYO', '', 'Oerlikon Balzers Artoda Indonesia (OBAI)', '', '', ''),
	(37, '127.0.0.1', 'OBAI-0036', '$2y$10$t1sxMPVKnbjHO4favNzQi.TGlaMr9cPxyMRaEHSG0.1OVVcu0PCx6', '12isnal12@gmail.com', NULL, NULL, NULL, NULL, NULL, NULL, NULL, 1671076051, NULL, 1, 'OBAI-0036', 'ISNAL IRDIANSYAH', '', 'Oerlikon Balzers Artoda Indonesia (OBAI)', '', '', ''),
	(38, '127.0.0.1', 'OBAI-0037', '$2y$10$t1sxMPVKnbjHO4favNzQi.TGlaMr9cPxyMRaEHSG0.1OVVcu0PCx6', 'jajadoang88@gmail.com', NULL, NULL, NULL, NULL, NULL, NULL, NULL, 1671076051, NULL, 1, 'OBAI-0037', 'JAJA MIHARJA', '', 'Oerlikon Balzers Artoda Indonesia (OBAI)', '', '', ''),
	(39, '127.0.0.1', 'OBAI-0038', '$2y$10$t1sxMPVKnbjHO4favNzQi.TGlaMr9cPxyMRaEHSG0.1OVVcu0PCx6', 'jejeveno@gmail.com', NULL, NULL, NULL, NULL, NULL, NULL, NULL, 1671076051, NULL, 1, 'OBAI-0038', 'JEJE JAEDUROHMAN', '', 'Oerlikon Balzers Artoda Indonesia (OBAI)', '', '', ''),
	(40, '127.0.0.1', 'OBAI-0039', '$2y$10$t1sxMPVKnbjHO4favNzQi.TGlaMr9cPxyMRaEHSG0.1OVVcu0PCx6', 'apriatnakomara@gmail.com', NULL, NULL, NULL, NULL, NULL, NULL, NULL, 1671076051, NULL, 1, 'OBAI-0039', 'KOMARA APRIATNA', '', 'Oerlikon Balzers Artoda Indonesia (OBAI)', '', '', ''),
	(41, '127.0.0.1', 'OBAI-0040', '$2y$10$t1sxMPVKnbjHO4favNzQi.TGlaMr9cPxyMRaEHSG0.1OVVcu0PCx6', 'aninditafebrina21@gmail.com', NULL, NULL, NULL, NULL, NULL, NULL, NULL, 1671076051, NULL, 1, 'OBAI-0040', 'KUSNO', '', 'Oerlikon Balzers Artoda Indonesia (OBAI)', '', '', ''),
	(42, '127.0.0.1', 'OBAI-0041', '$2y$10$t1sxMPVKnbjHO4favNzQi.TGlaMr9cPxyMRaEHSG0.1OVVcu0PCx6', 'lina.agustia@obai.co.id', NULL, NULL, NULL, NULL, NULL, NULL, NULL, 1671076051, NULL, 1, 'OBAI-0041', 'LINA AGUSTIA', '', 'Oerlikon Balzers Artoda Indonesia (OBAI)', '', '', ''),
	(43, '127.0.0.1', 'OBAI-0042', '$2y$10$t1sxMPVKnbjHO4favNzQi.TGlaMr9cPxyMRaEHSG0.1OVVcu0PCx6', 'linda.amalia@oerlikon.com', NULL, NULL, NULL, NULL, NULL, NULL, NULL, 1671076051, NULL, 1, 'OBAI-0042', 'LINDA AMALIA', '', 'Oerlikon Balzers Artoda Indonesia (OBAI)', '', '', ''),
	(44, '127.0.0.1', 'OBAI-0043', '$2y$10$t1sxMPVKnbjHO4favNzQi.TGlaMr9cPxyMRaEHSG0.1OVVcu0PCx6', 'lusy.permatahati@obai.co.id', NULL, NULL, NULL, NULL, NULL, NULL, NULL, 1671076051, NULL, 1, 'OBAI-0043', 'LUSY PERMATAHATI', '', 'Oerlikon Balzers Artoda Indonesia (OBAI)', '', '', ''),
	(45, '127.0.0.1', 'OBAI-0044', '$2y$10$t1sxMPVKnbjHO4favNzQi.TGlaMr9cPxyMRaEHSG0.1OVVcu0PCx6', 'margono.gono@obai.co.id', NULL, NULL, NULL, NULL, NULL, NULL, NULL, 1671076051, NULL, 1, 'OBAI-0044', 'MARGONO', '', 'Oerlikon Balzers Artoda Indonesia (OBAI)', '', '', ''),
	(46, '127.0.0.1', 'OBAI-0045', '$2y$10$t1sxMPVKnbjHO4favNzQi.TGlaMr9cPxyMRaEHSG0.1OVVcu0PCx6', 'memeygokiel13@gmail.com', NULL, NULL, NULL, NULL, NULL, NULL, NULL, 1671076051, NULL, 1, 'OBAI-0045', 'MEI KUSTIANTO', '', 'Oerlikon Balzers Artoda Indonesia (OBAI)', '', '', ''),
	(47, '127.0.0.1', 'OBAI-0046', '$2y$10$t1sxMPVKnbjHO4favNzQi.TGlaMr9cPxyMRaEHSG0.1OVVcu0PCx6', 'Mochamad.ardiansyah@obai.co.id', NULL, NULL, NULL, NULL, NULL, NULL, NULL, 1671076051, NULL, 1, 'OBAI-0046', 'MOCHAMAD ARDIANSYAH BIN KOSASIH', '', 'Oerlikon Balzers Artoda Indonesia (OBAI)', '', '', ''),
	(48, '127.0.0.1', 'OBAI-0084', '$2y$10$t1sxMPVKnbjHO4favNzQi.TGlaMr9cPxyMRaEHSG0.1OVVcu0PCx6', 'mfarhanrizkykecana@gmail.com', NULL, NULL, NULL, NULL, NULL, NULL, NULL, 1671076051, NULL, 1, 'OBAI-0084', 'MOHAMAD FARHAN RIZKY KENCANA', '', 'Oerlikon Balzers Artoda Indonesia (OBAI)', '', '', ''),
	(49, '127.0.0.1', 'OBAI-0047', '$2y$10$t1sxMPVKnbjHO4favNzQi.TGlaMr9cPxyMRaEHSG0.1OVVcu0PCx6', 'muhammadsyarif5955@gmail.com', NULL, NULL, NULL, NULL, NULL, NULL, NULL, 1671076051, NULL, 1, 'OBAI-0047', 'MUHAMAD SYARIF', '', 'Oerlikon Balzers Artoda Indonesia (OBAI)', '', '', ''),
	(50, '127.0.0.1', 'OBAI-0049', '$2y$10$t1sxMPVKnbjHO4favNzQi.TGlaMr9cPxyMRaEHSG0.1OVVcu0PCx6', 'mulsevenfold@gmail.com', NULL, NULL, NULL, NULL, NULL, NULL, NULL, 1671076051, NULL, 1, 'OBAI-0049', 'MULYONO', '', 'Oerlikon Balzers Artoda Indonesia (OBAI)', '', '', ''),
	(51, '127.0.0.1', 'OBAI-0050', '$2y$10$t1sxMPVKnbjHO4favNzQi.TGlaMr9cPxyMRaEHSG0.1OVVcu0PCx6', 'nana.oerlikon@gmail.com', NULL, NULL, NULL, NULL, NULL, NULL, NULL, 1671076051, NULL, 1, 'OBAI-0050', 'NANA SURYANA', '', 'Oerlikon Balzers Artoda Indonesia (OBAI)', '', '', ''),
	(52, '127.0.0.1', 'OBAI-0051', '$2y$10$t1sxMPVKnbjHO4favNzQi.TGlaMr9cPxyMRaEHSG0.1OVVcu0PCx6', 'narja.permana@gmail.com', NULL, NULL, NULL, NULL, NULL, NULL, NULL, 1671076051, NULL, 1, 'OBAI-0051', 'NARJA BIN NAMIN', '', 'Oerlikon Balzers Artoda Indonesia (OBAI)', '', '', ''),
	(53, '127.0.0.1', 'OBAI-0052', '$2y$10$t1sxMPVKnbjHO4favNzQi.TGlaMr9cPxyMRaEHSG0.1OVVcu0PCx6', 'nisiabelakartika@gmail.com', NULL, NULL, NULL, NULL, NULL, NULL, NULL, 1671076051, NULL, 1, 'OBAI-0052', 'NISIABELA KARTIKA PANGEMANAN', '', 'Oerlikon Balzers Artoda Indonesia (OBAI)', '', '', ''),
	(54, '127.0.0.1', 'OBAI-0053', '$2y$10$t1sxMPVKnbjHO4favNzQi.TGlaMr9cPxyMRaEHSG0.1OVVcu0PCx6', 'olsen.pangihutan@gmail.com', NULL, NULL, NULL, NULL, NULL, NULL, NULL, 1671076051, NULL, 1, 'OBAI-0053', 'OLSEN PANGIHUTAN', '', 'Oerlikon Balzers Artoda Indonesia (OBAI)', '', '', ''),
	(55, '127.0.0.1', 'OBAI-0054', '$2y$10$t1sxMPVKnbjHO4favNzQi.TGlaMr9cPxyMRaEHSG0.1OVVcu0PCx6', 'baenk365@gmail.com', NULL, NULL, NULL, NULL, NULL, NULL, NULL, 1671076051, NULL, 1, 'OBAI-0054', 'RAHMAT AKBAR', '', 'Oerlikon Balzers Artoda Indonesia (OBAI)', '', '', ''),
	(56, '127.0.0.1', 'OBAI-0055', '$2y$10$t1sxMPVKnbjHO4favNzQi.TGlaMr9cPxyMRaEHSG0.1OVVcu0PCx6', 'ricky.deguzman@obai.co.id', NULL, NULL, NULL, NULL, NULL, NULL, NULL, 1671076051, NULL, 1, 'OBAI-0055', 'RICKY DE GUZMAN', '', 'Oerlikon Balzers Artoda Indonesia (OBAI)', '', '', ''),
	(57, '127.0.0.1', 'OBAI-0056', '$2y$10$t1sxMPVKnbjHO4favNzQi.TGlaMr9cPxyMRaEHSG0.1OVVcu0PCx6', 'riesanovaj@gmail.com', NULL, NULL, NULL, NULL, NULL, NULL, NULL, 1671076051, NULL, 1, 'OBAI-0056', 'RIESA NOVAJ NURUL ARSY', '', 'Oerlikon Balzers Artoda Indonesia (OBAI)', '', '', ''),
	(58, '127.0.0.1', 'OBAI-0057', '$2y$10$t1sxMPVKnbjHO4favNzQi.TGlaMr9cPxyMRaEHSG0.1OVVcu0PCx6', 'nugraharizal10@gmail.com', NULL, NULL, NULL, NULL, NULL, NULL, NULL, 1671076051, NULL, 1, 'OBAI-0057', 'RIZAL', '', 'Oerlikon Balzers Artoda Indonesia (OBAI)', '', '', ''),
	(59, '127.0.0.1', 'OBAI-0058', '$2y$10$t1sxMPVKnbjHO4favNzQi.TGlaMr9cPxyMRaEHSG0.1OVVcu0PCx6', 'rizkypangestu2706@gmail.com', NULL, NULL, NULL, NULL, NULL, NULL, NULL, 1671076051, NULL, 1, 'OBAI-0058', 'RIZKI PANGESTU PUTRA', '', 'Oerlikon Balzers Artoda Indonesia (OBAI)', '', '', ''),
	(60, '127.0.0.1', 'OBAI-0059', '$2y$10$t1sxMPVKnbjHO4favNzQi.TGlaMr9cPxyMRaEHSG0.1OVVcu0PCx6', 'rofik.diamond@gmail.com', NULL, NULL, NULL, NULL, NULL, NULL, NULL, 1671076051, NULL, 1, 'OBAI-0059', 'ROFIQ MUZAYIN', '', 'Oerlikon Balzers Artoda Indonesia (OBAI)', '', '', ''),
	(61, '127.0.0.1', 'OBAI-0060', '$2y$10$t1sxMPVKnbjHO4favNzQi.TGlaMr9cPxyMRaEHSG0.1OVVcu0PCx6', 'roydoang45@gmail.com', NULL, NULL, NULL, NULL, NULL, NULL, NULL, 1671076051, NULL, 1, 'OBAI-0060', 'ROHIMIN', '', 'Oerlikon Balzers Artoda Indonesia (OBAI)', '', '', ''),
	(62, '127.0.0.1', 'OBAI-0061', '$2y$10$t1sxMPVKnbjHO4favNzQi.TGlaMr9cPxyMRaEHSG0.1OVVcu0PCx6', 'rudiawan.sidik@obai.co.id', NULL, NULL, NULL, NULL, NULL, NULL, NULL, 1671076051, NULL, 1, 'OBAI-0061', 'RUDIAWAN SIDIK PERMANA', '', 'Oerlikon Balzers Artoda Indonesia (OBAI)', '', '', ''),
	(63, '127.0.0.1', 'OBAI-0062', '$2y$10$t1sxMPVKnbjHO4favNzQi.TGlaMr9cPxyMRaEHSG0.1OVVcu0PCx6', 'sabar.arya.rima@gmail.com', NULL, NULL, NULL, NULL, NULL, NULL, NULL, 1671076051, NULL, 1, 'OBAI-0062', 'SABAR', '', 'Oerlikon Balzers Artoda Indonesia (OBAI)', '', '', ''),
	(64, '127.0.0.1', 'OBAI-0063', '$2y$10$t1sxMPVKnbjHO4favNzQi.TGlaMr9cPxyMRaEHSG0.1OVVcu0PCx6', 'saiful.ridwan@obai.com', NULL, NULL, NULL, NULL, NULL, NULL, NULL, 1671076051, NULL, 1, 'OBAI-0063', 'SAIFUL RIDWAN', '', 'Oerlikon Balzers Artoda Indonesia (OBAI)', '', '', ''),
	(65, '127.0.0.1', 'OBAI-0064', '$2y$10$t1sxMPVKnbjHO4favNzQi.TGlaMr9cPxyMRaEHSG0.1OVVcu0PCx6', 'sasmitadenis69@gmail.com', NULL, NULL, NULL, NULL, NULL, NULL, NULL, 1671076051, NULL, 1, 'OBAI-0064', 'SASMITA', '', 'Oerlikon Balzers Artoda Indonesia (OBAI)', '', '', ''),
	(66, '127.0.0.1', 'OBAI-0065', '$2y$10$t1sxMPVKnbjHO4favNzQi.TGlaMr9cPxyMRaEHSG0.1OVVcu0PCx6', 'sigitcahyo82@gmail.com', NULL, NULL, NULL, NULL, NULL, NULL, NULL, 1671076051, NULL, 1, 'OBAI-0065', 'SIGIT CAHYONO', '', 'Oerlikon Balzers Artoda Indonesia (OBAI)', '', '', ''),
	(67, '127.0.0.1', 'OBAI-0066', '$2y$10$t1sxMPVKnbjHO4favNzQi.TGlaMr9cPxyMRaEHSG0.1OVVcu0PCx6', 'chonglian.sim@obai.co.id', NULL, NULL, NULL, NULL, NULL, NULL, NULL, 1671076051, NULL, 1, 'OBAI-0066', 'SIM CHONG LIAN', '', 'Oerlikon Balzers Artoda Indonesia (OBAI)', '', '', ''),
	(68, '127.0.0.1', 'OBAI-0067', '$2y$10$t1sxMPVKnbjHO4favNzQi.TGlaMr9cPxyMRaEHSG0.1OVVcu0PCx6', 'siswantoro.768@gmail.com', NULL, NULL, NULL, NULL, NULL, NULL, NULL, 1671076051, NULL, 1, 'OBAI-0067', 'SISWANTORO', '', 'Oerlikon Balzers Artoda Indonesia (OBAI)', '', '', ''),
	(69, '127.0.0.1', 'OBAI-0068', '$2y$10$t1sxMPVKnbjHO4favNzQi.TGlaMr9cPxyMRaEHSG0.1OVVcu0PCx6', 'k4tong08@gmail.com', NULL, NULL, NULL, NULL, NULL, NULL, NULL, 1671076051, NULL, 1, 'OBAI-0068', 'SLAMET RIYADI', '', 'Oerlikon Balzers Artoda Indonesia (OBAI)', '', '', ''),
	(70, '127.0.0.1', 'OBAI-0069', '$2y$10$t1sxMPVKnbjHO4favNzQi.TGlaMr9cPxyMRaEHSG0.1OVVcu0PCx6', 'subhan.muttakin@gmail.com', NULL, NULL, NULL, NULL, NULL, NULL, NULL, 1671076051, NULL, 1, 'OBAI-0069', 'SUBHAN MUTTAKIN', '', 'Oerlikon Balzers Artoda Indonesia (OBAI)', '', '', ''),
	(71, '127.0.0.1', 'OBAI-0070', '$2y$10$t1sxMPVKnbjHO4favNzQi.TGlaMr9cPxyMRaEHSG0.1OVVcu0PCx6', 'subiyanto995@gmail.com', NULL, NULL, NULL, NULL, NULL, NULL, NULL, 1671076051, NULL, 1, 'OBAI-0070', 'SUBIYANTO', '', 'Oerlikon Balzers Artoda Indonesia (OBAI)', '', '', ''),
	(72, '127.0.0.1', 'OBAI-0081', '$2y$10$t1sxMPVKnbjHO4favNzQi.TGlaMr9cPxyMRaEHSG0.1OVVcu0PCx6', 'sudanibarsus@gmail.com', NULL, NULL, NULL, NULL, NULL, NULL, NULL, 1671076051, NULL, 1, 'OBAI-0081', 'SUDANI', '', 'Oerlikon Balzers Artoda Indonesia (OBAI)', '', '', ''),
	(73, '127.0.0.1', 'OBAI-0071', '$2y$10$t1sxMPVKnbjHO4favNzQi.TGlaMr9cPxyMRaEHSG0.1OVVcu0PCx6', 'csuharja44@gmail.com', NULL, NULL, NULL, NULL, NULL, NULL, NULL, 1671076051, NULL, 1, 'OBAI-0071', 'SUHARJA', '', 'Oerlikon Balzers Artoda Indonesia (OBAI)', '', '', ''),
	(74, '127.0.0.1', 'OBAI-0072', '$2y$10$t1sxMPVKnbjHO4favNzQi.TGlaMr9cPxyMRaEHSG0.1OVVcu0PCx6', 'ali.tohali@oerlikon.com', NULL, NULL, NULL, NULL, NULL, NULL, NULL, 1671076051, NULL, 1, 'OBAI-0072', 'TOHALI', '', 'Oerlikon Balzers Artoda Indonesia (OBAI)', '', '', ''),
	(75, '127.0.0.1', 'OBAI-0073', '$2y$10$t1sxMPVKnbjHO4favNzQi.TGlaMr9cPxyMRaEHSG0.1OVVcu0PCx6', 'cryptohunter08@gmail.com', NULL, NULL, NULL, NULL, NULL, NULL, NULL, 1671076051, NULL, 1, 'OBAI-0073', 'TRI BAYU AZI', '', 'Oerlikon Balzers Artoda Indonesia (OBAI)', '', '', ''),
	(76, '127.0.0.1', 'OBAI-0074', '$2y$10$t1sxMPVKnbjHO4favNzQi.TGlaMr9cPxyMRaEHSG0.1OVVcu0PCx6', 'azkashinozukeshincan@gmail.com', NULL, NULL, NULL, NULL, NULL, NULL, NULL, 1671076051, NULL, 1, 'OBAI-0074', 'TRI SANTOSO', '', 'Oerlikon Balzers Artoda Indonesia (OBAI)', '', '', ''),
	(77, '127.0.0.1', 'OBAI-0083', '$2y$10$t1sxMPVKnbjHO4favNzQi.TGlaMr9cPxyMRaEHSG0.1OVVcu0PCx6', 'trianto5991@gmail.com', NULL, NULL, NULL, NULL, NULL, NULL, NULL, 1671076051, NULL, 1, 'OBAI-0083', 'TRIYANTO', '', 'Oerlikon Balzers Artoda Indonesia (OBAI)', '', '', ''),
	(78, '127.0.0.1', 'OBAI-0075', '$2y$10$t1sxMPVKnbjHO4favNzQi.TGlaMr9cPxyMRaEHSG0.1OVVcu0PCx6', 'triono.abdilah1@gmail.com', NULL, NULL, NULL, NULL, NULL, NULL, NULL, 1671076051, NULL, 1, 'OBAI-0075', 'TRIYONO', '', 'Oerlikon Balzers Artoda Indonesia (OBAI)', '', '', ''),
	(79, '127.0.0.1', 'OBAI-0082', '$2y$10$t1sxMPVKnbjHO4favNzQi.TGlaMr9cPxyMRaEHSG0.1OVVcu0PCx6', 'wtrijuliawan@gmail.com', NULL, NULL, NULL, NULL, NULL, NULL, NULL, 1671076051, NULL, 1, 'OBAI-0082', 'WAHYU TRI JULIAWAN', '', 'Oerlikon Balzers Artoda Indonesia (OBAI)', '', '', ''),
	(80, '127.0.0.1', 'OBAI-0076', '$2y$10$t1sxMPVKnbjHO4favNzQi.TGlaMr9cPxyMRaEHSG0.1OVVcu0PCx6', 'widi.setiawan29@yahoo.com', NULL, NULL, NULL, NULL, NULL, NULL, NULL, 1671076051, NULL, 1, 'OBAI-0076', 'WIDIARI SETIAWAN', '', 'Oerlikon Balzers Artoda Indonesia (OBAI)', '', '', ''),
	(81, '127.0.0.1', 'OBAI-0077', '$2y$10$t1sxMPVKnbjHO4favNzQi.TGlaMr9cPxyMRaEHSG0.1OVVcu0PCx6', 'yoggarizki@gmail.com', NULL, NULL, NULL, NULL, NULL, NULL, NULL, 1671076051, NULL, 1, 'OBAI-0077', 'YOGGA RIZKY SYAHADA', '', 'Oerlikon Balzers Artoda Indonesia (OBAI)', '', '', ''),
	(82, '127.0.0.1', 'OBAI-0078', '$2y$10$t1sxMPVKnbjHO4favNzQi.TGlaMr9cPxyMRaEHSG0.1OVVcu0PCx6', 'yooudhyi@gmail.com', NULL, NULL, NULL, NULL, NULL, NULL, NULL, 1671076051, NULL, 1, 'OBAI-0078', 'YUDI IRAWAN', '', 'Oerlikon Balzers Artoda Indonesia (OBAI)', '', '', ''),
	(83, '127.0.0.1', 'OBAI-0079', '$2y$10$t1sxMPVKnbjHO4favNzQi.TGlaMr9cPxyMRaEHSG0.1OVVcu0PCx6', 'zenizulfikar5545@gmail.com', NULL, NULL, NULL, NULL, NULL, NULL, NULL, 1671076051, NULL, 1, 'OBAI-0079', 'ZENI ZULFIKAR', '', 'Oerlikon Balzers Artoda Indonesia (OBAI)', '', '', ''),
	(84, '127.0.0.1', 'OBAI-0080', '$2y$10$t1sxMPVKnbjHO4favNzQi.TGlaMr9cPxyMRaEHSG0.1OVVcu0PCx6', 'yantie2109@gmail.com', NULL, NULL, NULL, NULL, NULL, NULL, NULL, 1671076051, NULL, 1, 'OBAI-0080', 'ZURIYANTI', '', 'Oerlikon Balzers Artoda Indonesia (OBAI)', '', '', ''),
	(85, '127.0.0.1', 'TTI-0032', '$2y$10$t1sxMPVKnbjHO4favNzQi.TGlaMr9cPxyMRaEHSG0.1OVVcu0PCx6', 'aanhargiyanto@gmail.com', NULL, NULL, NULL, NULL, NULL, NULL, NULL, 1671076051, NULL, 1, 'TTI-0032', 'AAN HARGIYANTO', '', 'Titan Teknikatama Indonesia (TITEK)', '', '', ''),
	(86, '127.0.0.1', 'TTI-0004', '$2y$10$t1sxMPVKnbjHO4favNzQi.TGlaMr9cPxyMRaEHSG0.1OVVcu0PCx6', 'afifah@titan-corporation.com', NULL, NULL, NULL, NULL, NULL, NULL, NULL, 1671076051, NULL, 1, 'TTI-0004', 'AFIFAH', '', 'Titan Teknikatama Indonesia (TITEK)', '', '', ''),
	(87, '127.0.0.1', 'TTI-0033', '$2y$10$t1sxMPVKnbjHO4favNzQi.TGlaMr9cPxyMRaEHSG0.1OVVcu0PCx6', 'wahidjo38@gmail.com', NULL, NULL, NULL, NULL, NULL, NULL, NULL, 1671076051, NULL, 1, 'TTI-0033', 'AHMAD NUR WAHID', '', 'Titan Teknikatama Indonesia (TITEK)', '', '', ''),
	(88, '127.0.0.1', 'TTI-0027', '$2y$10$t1sxMPVKnbjHO4favNzQi.TGlaMr9cPxyMRaEHSG0.1OVVcu0PCx6', 'diekamj99@gmail.com', NULL, NULL, NULL, NULL, NULL, NULL, NULL, 1671076051, NULL, 1, 'TTI-0027', 'ANDIKA MIJANANTO', '', 'Titan Teknikatama Indonesia (TITEK)', '', '', ''),
	(89, '127.0.0.1', 'TTI-0036', '$2y$10$t1sxMPVKnbjHO4favNzQi.TGlaMr9cPxyMRaEHSG0.1OVVcu0PCx6', 'anggadwiiswanto78@gmail.com', NULL, NULL, NULL, NULL, NULL, NULL, NULL, 1671076051, NULL, 1, 'TTI-0036', 'ANGGA DWI ISWANTO', '', 'Titan Teknikatama Indonesia (TITEK)', '', '', ''),
	(90, '127.0.0.1', 'TTI-0015', '$2y$10$t1sxMPVKnbjHO4favNzQi.TGlaMr9cPxyMRaEHSG0.1OVVcu0PCx6', 'qc.titanteknik@titan-corporation.com', NULL, NULL, NULL, NULL, NULL, NULL, NULL, 1671076051, NULL, 1, 'TTI-0015', 'ARIF MULYANA', '', 'Titan Teknikatama Indonesia (TITEK)', '', '', ''),
	(91, '127.0.0.1', 'TTI-0020', '$2y$10$t1sxMPVKnbjHO4favNzQi.TGlaMr9cPxyMRaEHSG0.1OVVcu0PCx6', 'arisefendi149@gmail.com', NULL, NULL, NULL, NULL, NULL, NULL, NULL, 1671076051, NULL, 1, 'TTI-0020', 'ARIS EFENDI', '', 'Titan Teknikatama Indonesia (TITEK)', '', '', ''),
	(92, '127.0.0.1', 'TTI-0016', '$2y$10$t1sxMPVKnbjHO4favNzQi.TGlaMr9cPxyMRaEHSG0.1OVVcu0PCx6', 'asyaibsulaeman15@gmail.com', NULL, NULL, NULL, NULL, NULL, NULL, NULL, 1671076051, NULL, 1, 'TTI-0016', 'ASEP ASYAIB SULAEMAN', '', 'Titan Teknikatama Indonesia (TITEK)', '', '', ''),
	(93, '127.0.0.1', 'TTI-0028', '$2y$10$t1sxMPVKnbjHO4favNzQi.TGlaMr9cPxyMRaEHSG0.1OVVcu0PCx6', 'atri.wulansari@titan-corporation.com', NULL, NULL, NULL, NULL, NULL, NULL, NULL, 1671076051, NULL, 1, 'TTI-0028', 'ATRI WULAN SARI', '', 'Titan Teknikatama Indonesia (TITEK)', '', '', ''),
	(94, '127.0.0.1', 'TTI-0044', '$2y$10$t1sxMPVKnbjHO4favNzQi.TGlaMr9cPxyMRaEHSG0.1OVVcu0PCx6', 'bahrum.daulay@titan-corporation.com', NULL, NULL, NULL, NULL, NULL, NULL, NULL, 1671076051, NULL, 1, 'TTI-0044', 'BAHRUM DAULAY', '', 'Titan Teknikatama Indonesia (TITEK)', '', '', ''),
	(95, '127.0.0.1', 'TTI-0018', '$2y$10$t1sxMPVKnbjHO4favNzQi.TGlaMr9cPxyMRaEHSG0.1OVVcu0PCx6', 'bambang.eko@titan-corporation.com', NULL, NULL, NULL, NULL, NULL, NULL, NULL, 1671076051, NULL, 1, 'TTI-0018', 'BAMBANG EKO PRANOTO', '', 'Titan Teknikatama Indonesia (TITEK)', '', '', ''),
	(96, '127.0.0.1', 'TTI-0017', '$2y$10$t1sxMPVKnbjHO4favNzQi.TGlaMr9cPxyMRaEHSG0.1OVVcu0PCx6', 'budiyanto@titan-corporation.com', NULL, NULL, NULL, NULL, NULL, NULL, NULL, 1671076051, NULL, 1, 'TTI-0017', 'BUDI YANTO', '', 'Titan Teknikatama Indonesia (TITEK)', '', '', ''),
	(97, '127.0.0.1', 'TTI-0025', '$2y$10$t1sxMPVKnbjHO4favNzQi.TGlaMr9cPxyMRaEHSG0.1OVVcu0PCx6', 'denivitoe@gmail.com', NULL, NULL, NULL, NULL, NULL, NULL, NULL, 1671076051, NULL, 1, 'TTI-0025', 'DENI', '', 'Titan Teknikatama Indonesia (TITEK)', '', '', ''),
	(98, '127.0.0.1', 'TTI-0002', '$2y$10$t1sxMPVKnbjHO4favNzQi.TGlaMr9cPxyMRaEHSG0.1OVVcu0PCx6', 'didik.sukaryo@titan-corporation.com', NULL, NULL, NULL, NULL, NULL, NULL, NULL, 1671076051, NULL, 1, 'TTI-0002', 'DIDIK SUKARYO', '', 'Titan Teknikatama Indonesia (TITEK)', '', '', ''),
	(99, '127.0.0.1', 'TTI-0013', '$2y$10$t1sxMPVKnbjHO4favNzQi.TGlaMr9cPxyMRaEHSG0.1OVVcu0PCx6', 'dudung@titan-corporation.com', NULL, NULL, NULL, NULL, NULL, NULL, NULL, 1671076051, NULL, 1, 'TTI-0013', 'DUDUNG', '', 'Titan Teknikatama Indonesia (TITEK)', '', '', ''),
	(100, '127.0.0.1', 'TTI-0019', '$2y$10$t1sxMPVKnbjHO4favNzQi.TGlaMr9cPxyMRaEHSG0.1OVVcu0PCx6', 'eko.indra@titan-corporation.com', NULL, NULL, NULL, NULL, NULL, NULL, NULL, 1671076051, NULL, 1, 'TTI-0019', 'EKO INDRA PERMANA', '', 'Titan Teknikatama Indonesia (TITEK)', '', '', ''),
	(101, '127.0.0.1', 'TTI-0040', '$2y$10$t1sxMPVKnbjHO4favNzQi.TGlaMr9cPxyMRaEHSG0.1OVVcu0PCx6', 'foeunnaraseuki29@gmail.com', NULL, NULL, NULL, NULL, NULL, NULL, NULL, 1671076051, NULL, 1, 'TTI-0040', 'FOEUNNA RASEUKI', '', 'Titan Teknikatama Indonesia (TITEK)', '', '', ''),
	(102, '127.0.0.1', 'TTI-0011', '$2y$10$t1sxMPVKnbjHO4favNzQi.TGlaMr9cPxyMRaEHSG0.1OVVcu0PCx6', 'fredyanto@titan-corporation.com', NULL, NULL, NULL, NULL, NULL, NULL, NULL, 1671076051, NULL, 1, 'TTI-0011', 'FREDYANTO SAPUTRO', '', 'Titan Teknikatama Indonesia (TITEK)', '', '', ''),
	(103, '127.0.0.1', 'TTI-0008', '$2y$10$t1sxMPVKnbjHO4favNzQi.TGlaMr9cPxyMRaEHSG0.1OVVcu0PCx6', 'happy.nina@titan-corporation.com', NULL, NULL, NULL, NULL, NULL, NULL, NULL, 1671076051, NULL, 1, 'TTI-0008', 'HAPPY NINA DYAH', '', 'Titan Teknikatama Indonesia (TITEK)', '', '', ''),
	(104, '127.0.0.1', 'TTI-0046', '$2y$10$t1sxMPVKnbjHO4favNzQi.TGlaMr9cPxyMRaEHSG0.1OVVcu0PCx6', 'haryanto_2301@yahoo.com', NULL, NULL, NULL, NULL, NULL, NULL, NULL, 1671076051, NULL, 1, 'TTI-0046', 'HARYANTO', '', 'Titan Teknikatama Indonesia (TITEK)', '', '', ''),
	(105, '127.0.0.1', 'TTI-0003', '$2y$10$t1sxMPVKnbjHO4favNzQi.TGlaMr9cPxyMRaEHSG0.1OVVcu0PCx6', 'heri.purwanto@titan-corporation.com', NULL, NULL, NULL, NULL, NULL, NULL, NULL, 1671076051, NULL, 1, 'TTI-0003', 'HERI PURWANTO', '', 'Titan Teknikatama Indonesia (TITEK)', '', '', ''),
	(106, '127.0.0.1', 'TTI-0010', '$2y$10$t1sxMPVKnbjHO4favNzQi.TGlaMr9cPxyMRaEHSG0.1OVVcu0PCx6', 'jauharudin@titan-corporation.com', NULL, NULL, NULL, NULL, NULL, NULL, NULL, 1671076051, NULL, 1, 'TTI-0010', 'JAUHARUDIN', '', 'Titan Teknikatama Indonesia (TITEK)', '', '', ''),
	(107, '127.0.0.1', 'TTI-0042', '$2y$10$t1sxMPVKnbjHO4favNzQi.TGlaMr9cPxyMRaEHSG0.1OVVcu0PCx6', 'jokotriatmojo156@gmail.com', NULL, NULL, NULL, NULL, NULL, NULL, NULL, 1671076051, NULL, 1, 'TTI-0042', 'JOKO TRIATMOJO PAMUNGKAS', '', 'Titan Teknikatama Indonesia (TITEK)', '', '', ''),
	(108, '127.0.0.1', 'TTI-0001', '$2y$10$t1sxMPVKnbjHO4favNzQi.TGlaMr9cPxyMRaEHSG0.1OVVcu0PCx6', 'kadarisman@titan-corporation.com', NULL, NULL, NULL, NULL, NULL, NULL, NULL, 1671076051, NULL, 1, 'TTI-0001', 'KADARISMAN', '', 'Titan Teknikatama Indonesia (TITEK)', '', '', ''),
	(109, '127.0.0.1', 'TTI-0012', '$2y$10$t1sxMPVKnbjHO4favNzQi.TGlaMr9cPxyMRaEHSG0.1OVVcu0PCx6', 'kamdi@titan-corporation.com', NULL, NULL, NULL, NULL, NULL, NULL, NULL, 1671076051, NULL, 1, 'TTI-0012', 'KAMDI MUJIYAT', '', 'Titan Teknikatama Indonesia (TITEK)', '', '', ''),
	(110, '127.0.0.1', 'TTI-0034', '$2y$10$t1sxMPVKnbjHO4favNzQi.TGlaMr9cPxyMRaEHSG0.1OVVcu0PCx6', 'mochamad.irwan@titan-corporation.com', NULL, NULL, NULL, NULL, NULL, NULL, NULL, 1671076051, NULL, 1, 'TTI-0034', 'MOCHAMAD IRWAN SETIAWAN', '', 'Titan Teknikatama Indonesia (TITEK)', '', '', ''),
	(111, '127.0.0.1', 'TTI-0024', '$2y$10$t1sxMPVKnbjHO4favNzQi.TGlaMr9cPxyMRaEHSG0.1OVVcu0PCx6', 'mohammad.chudsyi@titan-corporation.com', NULL, NULL, NULL, NULL, NULL, NULL, NULL, 1671076051, NULL, 1, 'TTI-0024', 'MOHAMAD CHUDSYI', '', 'Titan Teknikatama Indonesia (TITEK)', '', '', ''),
	(112, '127.0.0.1', 'TTI-0039', '$2y$10$t1sxMPVKnbjHO4favNzQi.TGlaMr9cPxyMRaEHSG0.1OVVcu0PCx6', 'hendrossini.m0912@gmail.com', NULL, NULL, NULL, NULL, NULL, NULL, NULL, 1671076051, NULL, 1, 'TTI-0039', 'MUHAMAD HENDROSSINI AR RIZQI', '', 'Titan Teknikatama Indonesia (TITEK)', '', '', ''),
	(113, '127.0.0.1', 'TTI-0038', '$2y$10$t1sxMPVKnbjHO4favNzQi.TGlaMr9cPxyMRaEHSG0.1OVVcu0PCx6', 'm.rmdhn12@gmail.com', NULL, NULL, NULL, NULL, NULL, NULL, NULL, 1671076051, NULL, 1, 'TTI-0038', 'MUHAMMAD RAMADHAN', '', 'Titan Teknikatama Indonesia (TITEK)', '', '', ''),
	(114, '127.0.0.1', 'TTI-0005', '$2y$10$t1sxMPVKnbjHO4favNzQi.TGlaMr9cPxyMRaEHSG0.1OVVcu0PCx6', 'muzakar.amin@titan-corporation.com', NULL, NULL, NULL, NULL, NULL, NULL, NULL, 1671076051, NULL, 1, 'TTI-0005', 'MUZAKAR MUSTAK AMIN', '', 'Titan Teknikatama Indonesia (TITEK)', '', '', ''),
	(115, '127.0.0.1', 'TTI-0022', '$2y$10$t1sxMPVKnbjHO4favNzQi.TGlaMr9cPxyMRaEHSG0.1OVVcu0PCx6', 'rohmadinanang2011@gmail.com', NULL, NULL, NULL, NULL, NULL, NULL, NULL, 1671076051, NULL, 1, 'TTI-0022', 'NANANG ROHMADI', '', 'Titan Teknikatama Indonesia (TITEK)', '', '', ''),
	(116, '127.0.0.1', 'TTI-0048', '$2y$10$t1sxMPVKnbjHO4favNzQi.TGlaMr9cPxyMRaEHSG0.1OVVcu0PCx6', 'aliah2525960@gmail.com', NULL, NULL, NULL, NULL, NULL, NULL, NULL, 1671076051, NULL, 1, 'TTI-0048', 'NUR ALIAH', '', 'Titan Teknikatama Indonesia (TITEK)', '', '', ''),
	(117, '127.0.0.1', 'TTI-0023', '$2y$10$t1sxMPVKnbjHO4favNzQi.TGlaMr9cPxyMRaEHSG0.1OVVcu0PCx6', 'mhayyteaweh@gmail.com', NULL, NULL, NULL, NULL, NULL, NULL, NULL, 1671076051, NULL, 1, 'TTI-0023', 'OMAY SUTARDI', '', 'Titan Teknikatama Indonesia (TITEK)', '', '', ''),
	(118, '127.0.0.1', 'TTI-0021', '$2y$10$t1sxMPVKnbjHO4favNzQi.TGlaMr9cPxyMRaEHSG0.1OVVcu0PCx6', 'arunimutia@gmail.com', NULL, NULL, NULL, NULL, NULL, NULL, NULL, 1671076051, NULL, 1, 'TTI-0021', 'PARMAN', '', 'Titan Teknikatama Indonesia (TITEK)', '', '', ''),
	(119, '127.0.0.1', 'TTI-0006', '$2y$10$t1sxMPVKnbjHO4favNzQi.TGlaMr9cPxyMRaEHSG0.1OVVcu0PCx6', 'admin.titansurabaya@titan-corporation.com', NULL, NULL, NULL, NULL, NULL, NULL, NULL, 1671076051, NULL, 1, 'TTI-0006', 'PURNOMO HADI KUSUMO', '', 'Titan Teknikatama Indonesia (TITEK)', '', '', ''),
	(120, '127.0.0.1', 'TTI-0045', '$2y$10$t1sxMPVKnbjHO4favNzQi.TGlaMr9cPxyMRaEHSG0.1OVVcu0PCx6', 'iyey2002@gmail.com', NULL, NULL, NULL, NULL, NULL, NULL, NULL, 1671076051, NULL, 1, 'TTI-0045', 'REYSILAH RAMA', '', 'Titan Teknikatama Indonesia (TITEK)', '', '', ''),
	(121, '127.0.0.1', 'TTI-0047', '$2y$10$t1sxMPVKnbjHO4favNzQi.TGlaMr9cPxyMRaEHSG0.1OVVcu0PCx6', 'riskyqbal6@gmail.com', NULL, NULL, NULL, NULL, NULL, NULL, NULL, 1671076051, NULL, 1, 'TTI-0047', 'RIZKI IQBAL MAULANA', '', 'Titan Teknikatama Indonesia (TITEK)', '', '', ''),
	(122, '127.0.0.1', 'TTI-0030', '$2y$10$t1sxMPVKnbjHO4favNzQi.TGlaMr9cPxyMRaEHSG0.1OVVcu0PCx6', 'salsabilasalsa32@gmail.com', NULL, NULL, NULL, NULL, NULL, NULL, NULL, 1671076051, NULL, 1, 'TTI-0030', 'SALSABILA', '', 'Titan Teknikatama Indonesia (TITEK)', '', '', ''),
	(123, '127.0.0.1', 'TTI-0007', '$2y$10$t1sxMPVKnbjHO4favNzQi.TGlaMr9cPxyMRaEHSG0.1OVVcu0PCx6', 'sarmin.sahala123@gmail.com', NULL, NULL, NULL, NULL, NULL, NULL, NULL, 1671076051, NULL, 1, 'TTI-0007', 'SARMIN', '', 'Titan Teknikatama Indonesia (TITEK)', '', '', ''),
	(124, '127.0.0.1', 'TTI-0009', '$2y$10$t1sxMPVKnbjHO4favNzQi.TGlaMr9cPxyMRaEHSG0.1OVVcu0PCx6', 'satiyo@titan-corporation.com', NULL, NULL, NULL, NULL, NULL, NULL, NULL, 1671076051, NULL, 1, 'TTI-0009', 'SATIYO', '', 'Titan Teknikatama Indonesia (TITEK)', '', '', ''),
	(125, '127.0.0.1', 'TTI-0014', '$2y$10$t1sxMPVKnbjHO4favNzQi.TGlaMr9cPxyMRaEHSG0.1OVVcu0PCx6', 'siti.fatimah@titan-corporation.com', NULL, NULL, NULL, NULL, NULL, NULL, NULL, 1671076051, NULL, 1, 'TTI-0014', 'SITI FATIMAH', '', 'Titan Teknikatama Indonesia (TITEK)', '', '', ''),
	(126, '127.0.0.1', 'TTI-0026', '$2y$10$t1sxMPVKnbjHO4favNzQi.TGlaMr9cPxyMRaEHSG0.1OVVcu0PCx6', 'chosukho1314@gmail.com', NULL, NULL, NULL, NULL, NULL, NULL, NULL, 1671076051, NULL, 1, 'TTI-0026', 'SUKOCO', '', 'Titan Teknikatama Indonesia (TITEK)', '', '', ''),
	(127, '127.0.0.1', 'TTI-0043', '$2y$10$t1sxMPVKnbjHO4favNzQi.TGlaMr9cPxyMRaEHSG0.1OVVcu0PCx6', 'mas.rachman81@gmail.com', NULL, NULL, NULL, NULL, NULL, NULL, NULL, 1671076051, NULL, 1, 'TTI-0043', 'SURACHMAN', '', 'Titan Teknikatama Indonesia (TITEK)', '', '', ''),
	(128, '127.0.0.1', 'TTI-0037', '$2y$10$t1sxMPVKnbjHO4favNzQi.TGlaMr9cPxyMRaEHSG0.1OVVcu0PCx6', 'surahmanbit101@gmail.com', NULL, NULL, NULL, NULL, NULL, NULL, NULL, 1671076051, NULL, 1, 'TTI-0037', 'SURAHMAN', '', 'Titan Teknikatama Indonesia (TITEK)', '', '', ''),
	(129, '127.0.0.1', 'TTI-0041', '$2y$10$t1sxMPVKnbjHO4favNzQi.TGlaMr9cPxyMRaEHSG0.1OVVcu0PCx6', 'tiara.nurafifah99@gmail.com', NULL, NULL, NULL, NULL, NULL, NULL, NULL, 1671076051, NULL, 1, 'TTI-0041', 'TIARA NUR AFIFAH', '', 'Titan Teknikatama Indonesia (TITEK)', '', '', ''),
	(130, '127.0.0.1', 'TTI-0035', '$2y$10$t1sxMPVKnbjHO4favNzQi.TGlaMr9cPxyMRaEHSG0.1OVVcu0PCx6', 'utomo.chan.1911@gmail.com', NULL, NULL, NULL, NULL, NULL, NULL, NULL, 1671076051, NULL, 1, 'TTI-0035', 'UTOMO NUGRAHANTO', '', 'Titan Teknikatama Indonesia (TITEK)', '', '', ''),
	(131, '127.0.0.1', 'TTI-0031', '$2y$10$t1sxMPVKnbjHO4favNzQi.TGlaMr9cPxyMRaEHSG0.1OVVcu0PCx6', 'yuni.astuti@titan-corporation.com', NULL, NULL, NULL, NULL, NULL, NULL, NULL, 1671076051, NULL, 1, 'TTI-0031', 'YUNI ASTUTI', '', 'Titan Teknikatama Indonesia (TITEK)', '', '', ''),
	(132, '127.0.0.1', 'AEQ-0001', '$2y$10$t1sxMPVKnbjHO4favNzQi.TGlaMr9cPxyMRaEHSG0.1OVVcu0PCx6', 'adejul2507@gmail.com', NULL, NULL, NULL, NULL, NULL, NULL, NULL, 1671076051, NULL, 1, 'AEQ-0001', 'ADE JULIANTO', '', 'Mandiri Transforma Global (Aequus)', '', '', ''),
	(133, '127.0.0.1', 'AEQ-0003', '$2y$10$t1sxMPVKnbjHO4favNzQi.TGlaMr9cPxyMRaEHSG0.1OVVcu0PCx6', 'akhmadrefkizainuri68@gmail.com', NULL, NULL, NULL, NULL, NULL, NULL, NULL, 1671076051, NULL, 1, 'AEQ-0003', 'AKHMAD REFKI ZAINURI', '', 'Mandiri Transforma Global (Aequus)', '', '', ''),
	(134, '127.0.0.1', 'AEQ-0004', '$2y$10$t1sxMPVKnbjHO4favNzQi.TGlaMr9cPxyMRaEHSG0.1OVVcu0PCx6', 'production.sby@aequus-solutions.com', NULL, NULL, NULL, NULL, NULL, NULL, NULL, 1671076051, NULL, 1, 'AEQ-0004', 'ARTHANI ROSYIDA', '', 'Mandiri Transforma Global (Aequus)', '', '', ''),
	(135, '127.0.0.1', 'AEQ-0005', '$2y$10$t1sxMPVKnbjHO4favNzQi.TGlaMr9cPxyMRaEHSG0.1OVVcu0PCx6', 'chandraparsetya3770@gmail.com', NULL, NULL, NULL, NULL, NULL, NULL, NULL, 1671076051, NULL, 1, 'AEQ-0005', 'CANDRA WAHYU TRI PRASETYA', '', 'Mandiri Transforma Global (Aequus)', '', '', ''),
	(136, '127.0.0.1', 'AEQ-0006', '$2y$10$t1sxMPVKnbjHO4favNzQi.TGlaMr9cPxyMRaEHSG0.1OVVcu0PCx6', 'purchasing.sby@aequus-solutions.com', NULL, NULL, NULL, NULL, NULL, NULL, NULL, 1671076051, NULL, 1, 'AEQ-0006', 'DEVI TRIFALISLI', '', 'Mandiri Transforma Global (Aequus)', '', '', ''),
	(137, '127.0.0.1', 'AEQ-0007', '$2y$10$t1sxMPVKnbjHO4favNzQi.TGlaMr9cPxyMRaEHSG0.1OVVcu0PCx6', 'dewist01santi@gmail.com', NULL, NULL, NULL, NULL, NULL, NULL, NULL, 1671076051, NULL, 1, 'AEQ-0007', 'DEWI SANTY', '', 'Mandiri Transforma Global (Aequus)', '', '', ''),
	(138, '127.0.0.1', 'AEQ-0008', '$2y$10$t1sxMPVKnbjHO4favNzQi.TGlaMr9cPxyMRaEHSG0.1OVVcu0PCx6', 'dezanfauzi73@gmail.com', NULL, NULL, NULL, NULL, NULL, NULL, NULL, 1671076051, NULL, 1, 'AEQ-0008', 'DEZAN FAUZI PRIATNA', '', 'Mandiri Transforma Global (Aequus)', '', '', ''),
	(139, '127.0.0.1', 'AEQ-0009', '$2y$10$t1sxMPVKnbjHO4favNzQi.TGlaMr9cPxyMRaEHSG0.1OVVcu0PCx6', 'donntamara@gmail.com', NULL, NULL, NULL, NULL, NULL, NULL, NULL, 1671076051, NULL, 1, 'AEQ-0009', 'DONNY TAMARA', '', 'Mandiri Transforma Global (Aequus)', '', '', ''),
	(140, '127.0.0.1', 'AEQ-0010', '$2y$10$t1sxMPVKnbjHO4favNzQi.TGlaMr9cPxyMRaEHSG0.1OVVcu0PCx6', 'dyah.ayu@aequus-solutions.com', NULL, NULL, NULL, NULL, NULL, NULL, NULL, 1671076051, NULL, 1, 'AEQ-0010', 'DYAH AYU PALUPI', '', 'Mandiri Transforma Global (Aequus)', '', '', ''),
	(141, '127.0.0.1', 'AEQ-0011', '$2y$10$t1sxMPVKnbjHO4favNzQi.TGlaMr9cPxyMRaEHSG0.1OVVcu0PCx6', 'fadhli.adhitya@aequus-solutions.com', NULL, NULL, NULL, NULL, NULL, NULL, NULL, 1671076051, NULL, 1, 'AEQ-0011', 'FADHLI ADHITYA RAMADHIKA', '', 'Mandiri Transforma Global (Aequus)', '', '', ''),
	(142, '127.0.0.1', 'AEQ-0012', '$2y$10$t1sxMPVKnbjHO4favNzQi.TGlaMr9cPxyMRaEHSG0.1OVVcu0PCx6', 'febrypoetra.fp@gmail.com', NULL, NULL, NULL, NULL, NULL, NULL, NULL, 1671076051, NULL, 1, 'AEQ-0012', 'FEBRY POETRA DWI MOENIR', '', 'Mandiri Transforma Global (Aequus)', '', '', ''),
	(143, '127.0.0.1', 'AEQ-0014', '$2y$10$t1sxMPVKnbjHO4favNzQi.TGlaMr9cPxyMRaEHSG0.1OVVcu0PCx6', 'wawan.120880@gmail.com', NULL, NULL, NULL, NULL, NULL, NULL, NULL, 1671076051, NULL, 1, 'AEQ-0014', 'HARI FITRI AGUS SETYAWAN', '', 'Mandiri Transforma Global (Aequus)', '', '', ''),
	(144, '127.0.0.1', 'AEQ-0015', '$2y$10$t1sxMPVKnbjHO4favNzQi.TGlaMr9cPxyMRaEHSG0.1OVVcu0PCx6', 'hari.arpak02@gmail.com', NULL, NULL, NULL, NULL, NULL, NULL, NULL, 1671076051, NULL, 1, 'AEQ-0015', 'HARI SETIAWAN', '', 'Mandiri Transforma Global (Aequus)', '', '', ''),
	(145, '127.0.0.1', 'AEQ-0016', '$2y$10$t1sxMPVKnbjHO4favNzQi.TGlaMr9cPxyMRaEHSG0.1OVVcu0PCx6', 'ganangherman@gmail.com', NULL, NULL, NULL, NULL, NULL, NULL, NULL, 1671076051, NULL, 1, 'AEQ-0016', 'HERMAN YOSEF TRIWIYANTO', '', 'Mandiri Transforma Global (Aequus)', '', '', ''),
	(146, '127.0.0.1', 'AEQ-0017', '$2y$10$t1sxMPVKnbjHO4favNzQi.TGlaMr9cPxyMRaEHSG0.1OVVcu0PCx6', 'ibadurahmanhanif@gmail.com', NULL, NULL, NULL, NULL, NULL, NULL, NULL, 1671076051, NULL, 1, 'AEQ-0017', 'IBADURAHMAN HANIF', '', 'Mandiri Transforma Global (Aequus)', '', '', ''),
	(147, '127.0.0.1', 'AEQ-0019', '$2y$10$t1sxMPVKnbjHO4favNzQi.TGlaMr9cPxyMRaEHSG0.1OVVcu0PCx6', 'jalal66.ju@gmail.com', NULL, NULL, NULL, NULL, NULL, NULL, NULL, 1671076051, NULL, 1, 'AEQ-0019', 'JALAL BIN WASLI', '', 'Mandiri Transforma Global (Aequus)', '', '', ''),
	(148, '127.0.0.1', 'AEQ-0020', '$2y$10$t1sxMPVKnbjHO4favNzQi.TGlaMr9cPxyMRaEHSG0.1OVVcu0PCx6', 'jovan.pratama@aequus-solutions.com', NULL, NULL, NULL, NULL, NULL, NULL, NULL, 1671076051, NULL, 1, 'AEQ-0020', 'JOVAN PRATAMA PUTRA', '', 'Mandiri Transforma Global (Aequus)', '', '', ''),
	(149, '127.0.0.1', 'AEQ-0021', '$2y$10$t1sxMPVKnbjHO4favNzQi.TGlaMr9cPxyMRaEHSG0.1OVVcu0PCx6', 'rachmawan10@gmail.com', NULL, NULL, NULL, NULL, NULL, NULL, NULL, 1671076051, NULL, 1, 'AEQ-0021', 'M ARIF RACHMAWAN', '', 'Mandiri Transforma Global (Aequus)', '', '', ''),
	(150, '127.0.0.1', 'AEQ-0023', '$2y$10$t1sxMPVKnbjHO4favNzQi.TGlaMr9cPxyMRaEHSG0.1OVVcu0PCx6', 'mahmud.aripin@aequus-solutions.com', NULL, NULL, NULL, NULL, NULL, NULL, NULL, 1671076051, NULL, 1, 'AEQ-0023', 'MAHMUD ARIPIN', '', 'Mandiri Transforma Global (Aequus)', '', '', ''),
	(151, '127.0.0.1', 'AEQ-0024', '$2y$10$t1sxMPVKnbjHO4favNzQi.TGlaMr9cPxyMRaEHSG0.1OVVcu0PCx6', 'maman.rusmana@aequus-solutions.com', NULL, NULL, NULL, NULL, NULL, NULL, NULL, 1671076051, NULL, 1, 'AEQ-0024', 'MAMAN RUSMANA', '', 'Mandiri Transforma Global (Aequus)', '', '', ''),
	(152, '127.0.0.1', 'AEQ-0025', '$2y$10$t1sxMPVKnbjHO4favNzQi.TGlaMr9cPxyMRaEHSG0.1OVVcu0PCx6', 'mansuri@aequus-solutions.com', NULL, NULL, NULL, NULL, NULL, NULL, NULL, 1671076051, NULL, 1, 'AEQ-0025', 'MANSURI', '', 'Mandiri Transforma Global (Aequus)', '', '', ''),
	(153, '127.0.0.1', 'AEQ-0026', '$2y$10$t1sxMPVKnbjHO4favNzQi.TGlaMr9cPxyMRaEHSG0.1OVVcu0PCx6', 'meilanny@aequus-solutions.com', NULL, NULL, NULL, NULL, NULL, NULL, NULL, 1671076051, NULL, 1, 'AEQ-0026', 'MEILANNY', '', 'Mandiri Transforma Global (Aequus)', '', '', ''),
	(154, '127.0.0.1', 'AEQ-0027', '$2y$10$t1sxMPVKnbjHO4favNzQi.TGlaMr9cPxyMRaEHSG0.1OVVcu0PCx6', 'melisaparasayu@gmail.com', NULL, NULL, NULL, NULL, NULL, NULL, NULL, 1671076051, NULL, 1, 'AEQ-0027', 'MELISA DYAH PARASAYU', '', 'Mandiri Transforma Global (Aequus)', '', '', ''),
	(155, '127.0.0.1', 'AEQ-0028', '$2y$10$t1sxMPVKnbjHO4favNzQi.TGlaMr9cPxyMRaEHSG0.1OVVcu0PCx6', 'miftahulia.hasby19@gmail.com', NULL, NULL, NULL, NULL, NULL, NULL, NULL, 1671076051, NULL, 1, 'AEQ-0028', 'MIFTAHULIA HASBY', '', 'Mandiri Transforma Global (Aequus)', '', '', ''),
	(156, '127.0.0.1', 'AEQ-0030', '$2y$10$t1sxMPVKnbjHO4favNzQi.TGlaMr9cPxyMRaEHSG0.1OVVcu0PCx6', 'saibol.95@gmail.com', NULL, NULL, NULL, NULL, NULL, NULL, NULL, 1671076051, NULL, 1, 'AEQ-0030', 'NAHRIFUL ASRI', '', 'Mandiri Transforma Global (Aequus)', '', '', ''),
	(157, '127.0.0.1', 'AEQ-0031', '$2y$10$t1sxMPVKnbjHO4favNzQi.TGlaMr9cPxyMRaEHSG0.1OVVcu0PCx6', 'azis78788@gmail.com', NULL, NULL, NULL, NULL, NULL, NULL, NULL, 1671076051, NULL, 1, 'AEQ-0031', 'NUR AZIS SEPTIAN', '', 'Mandiri Transforma Global (Aequus)', '', '', ''),
	(158, '127.0.0.1', 'AEQ-0032', '$2y$10$t1sxMPVKnbjHO4favNzQi.TGlaMr9cPxyMRaEHSG0.1OVVcu0PCx6', 'panjiindra64@gmail.com', NULL, NULL, NULL, NULL, NULL, NULL, NULL, 1671076051, NULL, 1, 'AEQ-0032', 'PANJI INDRA GUNAWAN', '', 'Mandiri Transforma Global (Aequus)', '', '', ''),
	(159, '127.0.0.1', 'AEQ-0053', '$2y$10$t1sxMPVKnbjHO4favNzQi.TGlaMr9cPxyMRaEHSG0.1OVVcu0PCx6', 'diahrahma82@gmail.com', NULL, NULL, NULL, NULL, NULL, NULL, NULL, 1671076051, NULL, 1, 'AEQ-0053', 'RAHMA DIAH ZUHROINI', '', 'Mandiri Transforma Global (Aequus)', '', '', ''),
	(160, '127.0.0.1', 'AEQ-0033', '$2y$10$t1sxMPVKnbjHO4favNzQi.TGlaMr9cPxyMRaEHSG0.1OVVcu0PCx6', 'ramantoterry@gmail.com', NULL, NULL, NULL, NULL, NULL, NULL, NULL, 1671076051, NULL, 1, 'AEQ-0033', 'RAMANTO TRIWIBOWO', '', 'Mandiri Transforma Global (Aequus)', '', '', ''),
	(161, '127.0.0.1', 'AEQ-0035', '$2y$10$t1sxMPVKnbjHO4favNzQi.TGlaMr9cPxyMRaEHSG0.1OVVcu0PCx6', 'rezaseptiandi17@gmail.com', NULL, NULL, NULL, NULL, NULL, NULL, NULL, 1671076051, NULL, 1, 'AEQ-0035', 'REZA SEPTIANDI', '', 'Mandiri Transforma Global (Aequus)', '', '', ''),
	(162, '127.0.0.1', 'AEQ-0036', '$2y$10$t1sxMPVKnbjHO4favNzQi.TGlaMr9cPxyMRaEHSG0.1OVVcu0PCx6', 'rikirustaji84@gmail.com', NULL, NULL, NULL, NULL, NULL, NULL, NULL, 1671076051, NULL, 1, 'AEQ-0036', 'RIKI RUSTAJI', '', 'Mandiri Transforma Global (Aequus)', '', '', ''),
	(163, '127.0.0.1', 'AEQ-0037', '$2y$10$t1sxMPVKnbjHO4favNzQi.TGlaMr9cPxyMRaEHSG0.1OVVcu0PCx6', 'rizaldarmawansahamtha98@gmail.com', NULL, NULL, NULL, NULL, NULL, NULL, NULL, 1671076051, NULL, 1, 'AEQ-0037', 'RIZAL DARMAWAN SAHAMTHA', '', 'Mandiri Transforma Global (Aequus)', '', '', ''),
	(164, '127.0.0.1', 'AEQ-0038', '$2y$10$t1sxMPVKnbjHO4favNzQi.TGlaMr9cPxyMRaEHSG0.1OVVcu0PCx6', 'rudiyono@aequus-solutions.com', NULL, NULL, NULL, NULL, NULL, NULL, NULL, 1671076051, NULL, 1, 'AEQ-0038', 'RUDIYONO', '', 'Mandiri Transforma Global (Aequus)', '', '', ''),
	(165, '127.0.0.1', 'AEQ-0039', '$2y$10$t1sxMPVKnbjHO4favNzQi.TGlaMr9cPxyMRaEHSG0.1OVVcu0PCx6', 'sandilukmannurhakim@gmail.com', NULL, NULL, NULL, NULL, NULL, NULL, NULL, 1671076051, NULL, 1, 'AEQ-0039', 'SANDI LUKMAN NURHAKIM', '', 'Mandiri Transforma Global (Aequus)', '', '', ''),
	(166, '127.0.0.1', 'AEQ-0041', '$2y$10$t1sxMPVKnbjHO4favNzQi.TGlaMr9cPxyMRaEHSG0.1OVVcu0PCx6', 'sriyatun@aequus-solutions.com', NULL, NULL, NULL, NULL, NULL, NULL, NULL, 1671076051, NULL, 1, 'AEQ-0041', 'SRIYATUN', '', 'Mandiri Transforma Global (Aequus)', '', '', ''),
	(167, '127.0.0.1', 'AEQ-0042', '$2y$10$t1sxMPVKnbjHO4favNzQi.TGlaMr9cPxyMRaEHSG0.1OVVcu0PCx6', 'supra.hatmara@aequus-solutions.com', NULL, NULL, NULL, NULL, NULL, NULL, NULL, 1671076051, NULL, 1, 'AEQ-0042', 'SUPRA HATMARA', '', 'Mandiri Transforma Global (Aequus)', '', '', ''),
	(168, '127.0.0.1', 'AEQ-0043', '$2y$10$t1sxMPVKnbjHO4favNzQi.TGlaMr9cPxyMRaEHSG0.1OVVcu0PCx6', 'susi.maisaroh@aequus-solutions.com', NULL, NULL, NULL, NULL, NULL, NULL, NULL, 1671076051, NULL, 1, 'AEQ-0043', 'SUSI MAESAROH', '', 'Mandiri Transforma Global (Aequus)', '', '', ''),
	(169, '127.0.0.1', 'AEQ-0044', '$2y$10$t1sxMPVKnbjHO4favNzQi.TGlaMr9cPxyMRaEHSG0.1OVVcu0PCx6', 'syaifullah.umar@aequus-solutions.com', NULL, NULL, NULL, NULL, NULL, NULL, NULL, 1671076051, NULL, 1, 'AEQ-0044', 'SYAIFULLAH UMAR', '', 'Mandiri Transforma Global (Aequus)', '', '', ''),
	(170, '127.0.0.1', 'AEQ-0046', '$2y$10$t1sxMPVKnbjHO4favNzQi.TGlaMr9cPxyMRaEHSG0.1OVVcu0PCx6', 'trycahyadi01@gmail.com', NULL, NULL, NULL, NULL, NULL, NULL, NULL, 1671076051, NULL, 1, 'AEQ-0046', 'TRI CAHYADI', '', 'Mandiri Transforma Global (Aequus)', '', '', ''),
	(171, '127.0.0.1', 'AEQ-0047', '$2y$10$t1sxMPVKnbjHO4favNzQi.TGlaMr9cPxyMRaEHSG0.1OVVcu0PCx6', 'trioagmy@gmail.com', NULL, NULL, NULL, NULL, NULL, NULL, NULL, 1671076051, NULL, 1, 'AEQ-0047', 'TRIO AGMY', '', 'Mandiri Transforma Global (Aequus)', '', '', ''),
	(172, '127.0.0.1', 'AEQ-0048', '$2y$10$t1sxMPVKnbjHO4favNzQi.TGlaMr9cPxyMRaEHSG0.1OVVcu0PCx6', 'uripjumaedy@gmail.com', NULL, NULL, NULL, NULL, NULL, NULL, NULL, 1671076051, NULL, 1, 'AEQ-0048', 'URIP JUMAEDI', '', 'Mandiri Transforma Global (Aequus)', '', '', ''),
	(173, '127.0.0.1', 'AEQ-0049', '$2y$10$t1sxMPVKnbjHO4favNzQi.TGlaMr9cPxyMRaEHSG0.1OVVcu0PCx6', 'vitayulianas180795@gmail.com', NULL, NULL, NULL, NULL, NULL, NULL, NULL, 1671076051, NULL, 1, 'AEQ-0049', 'VITA YULIANA SUDIARTI', '', 'Mandiri Transforma Global (Aequus)', '', '', ''),
	(174, '127.0.0.1', 'AEQ-0051', '$2y$10$t1sxMPVKnbjHO4favNzQi.TGlaMr9cPxyMRaEHSG0.1OVVcu0PCx6', 'wawan.dermawan@aequus-solutions.com', NULL, NULL, NULL, NULL, NULL, NULL, NULL, 1671076051, NULL, 1, 'AEQ-0051', 'WAWAN DERMAWAN', '', 'Mandiri Transforma Global (Aequus)', '', '', ''),
	(175, '127.0.0.1', 'AEQ-0052', '$2y$10$t1sxMPVKnbjHO4favNzQi.TGlaMr9cPxyMRaEHSG0.1OVVcu0PCx6', 'firdauswildan12@gmail.com', NULL, NULL, NULL, NULL, NULL, NULL, NULL, 1671076051, NULL, 1, 'AEQ-0052', 'WILDAN FIRDAUS', '', 'Mandiri Transforma Global (Aequus)', '', '', ''),
	(176, '127.0.0.1', 'CAP-0015', '$2y$10$t1sxMPVKnbjHO4favNzQi.TGlaMr9cPxyMRaEHSG0.1OVVcu0PCx6', 'annisa@titan-corporation.com', NULL, NULL, NULL, NULL, NULL, NULL, NULL, 1671076051, NULL, 1, 'CAP-0015', 'ANNISA TIARA KESUMA', '', 'Titan Nusa Solusi (Solusi)', '', '', ''),
	(177, '127.0.0.1', 'CAP-0005', '$2y$10$t1sxMPVKnbjHO4favNzQi.TGlaMr9cPxyMRaEHSG0.1OVVcu0PCx6', 'atik.windaryati@titan-corporation.com', NULL, NULL, NULL, NULL, NULL, NULL, NULL, 1671076051, NULL, 1, 'CAP-0005', 'ATIK WINDARYATI', '', 'Titan Nusa Solusi (Solusi)', '', '', ''),
	(178, '127.0.0.1', 'CAP-0008', '$2y$10$t1sxMPVKnbjHO4favNzQi.TGlaMr9cPxyMRaEHSG0.1OVVcu0PCx6', 'bagus.riadi260490@gmail.com', NULL, NULL, NULL, NULL, NULL, NULL, NULL, 1671076051, NULL, 1, 'CAP-0008', 'BAGUS RIADI', '', 'Titan Nusa Solusi (Solusi)', '', '', ''),
	(179, '127.0.0.1', 'CAP-0013', '$2y$10$t1sxMPVKnbjHO4favNzQi.TGlaMr9cPxyMRaEHSG0.1OVVcu0PCx6', 'billy.yosafat@titan-corporation.com', NULL, NULL, NULL, NULL, NULL, NULL, NULL, 1671076051, 1671596083, 1, 'CAP-0013', 'BILLY YOSAFAT', '', 'Titan Nusa Solusi (Solusi)', '', '', ''),
	(180, '127.0.0.1', 'CAP-0018', '$2y$10$t1sxMPVKnbjHO4favNzQi.TGlaMr9cPxyMRaEHSG0.1OVVcu0PCx6', 'finance@aequus-solutions.com', NULL, NULL, NULL, NULL, NULL, NULL, NULL, 1671076051, NULL, 1, 'CAP-0018', 'DONNA SUCI RAKHMAWATI', '', 'Titan Nusa Solusi (Solusi)', '', '', ''),
	(181, '127.0.0.1', 'CAP-0006', '$2y$10$t1sxMPVKnbjHO4favNzQi.TGlaMr9cPxyMRaEHSG0.1OVVcu0PCx6', 'inaya.ratna@titan-corporation.com', NULL, NULL, NULL, NULL, NULL, NULL, NULL, 1671076051, NULL, 1, 'CAP-0006', 'INAYA RATNA ASMARANI', '', 'Titan Nusa Solusi (Solusi)', '', '', ''),
	(182, '127.0.0.1', 'CAP-0021', '$2y$10$t1sxMPVKnbjHO4favNzQi.TGlaMr9cPxyMRaEHSG0.1OVVcu0PCx6', 'josuarolnad@gmail.com', NULL, NULL, NULL, NULL, NULL, NULL, NULL, 1671076051, NULL, 1, 'CAP-0021', 'JOSUA ROLAMDO', '', 'Titan Nusa Solusi (Solusi)', '', '', ''),
	(183, '127.0.0.1', 'CAP-0017', '$2y$10$t1sxMPVKnbjHO4favNzQi.TGlaMr9cPxyMRaEHSG0.1OVVcu0PCx6', 'accounting.pajak@aequus-solutions.com', NULL, NULL, NULL, NULL, NULL, NULL, NULL, 1671076051, NULL, 1, 'CAP-0017', 'MEIGITA INTAN SUCIKINASIH', '', 'Titan Nusa Solusi (Solusi)', '', '', ''),
	(184, '127.0.0.1', 'CAP-0009', '$2y$10$t1sxMPVKnbjHO4favNzQi.TGlaMr9cPxyMRaEHSG0.1OVVcu0PCx6', 'nur.alfian@titan-corporation.com', NULL, NULL, NULL, NULL, NULL, NULL, NULL, 1671076051, NULL, 1, 'CAP-0009', 'NUR ALFIAN', '', 'Titan Nusa Solusi (Solusi)', '', '', ''),
	(185, '127.0.0.1', 'CAP-0022', '$2y$10$t1sxMPVKnbjHO4favNzQi.TGlaMr9cPxyMRaEHSG0.1OVVcu0PCx6', 'rachma.ijul89@gmail.com', NULL, NULL, NULL, NULL, NULL, NULL, NULL, 1671076051, NULL, 1, 'CAP-0022', 'RACHMAWATI ZULAYHA', '', 'Titan Nusa Solusi (Solusi)', '', '', ''),
	(186, '127.0.0.1', 'CAP-0011', '$2y$10$t1sxMPVKnbjHO4favNzQi.TGlaMr9cPxyMRaEHSG0.1OVVcu0PCx6', 'vrheinaa26@gmail.com', NULL, NULL, NULL, NULL, NULL, NULL, NULL, 1671076051, NULL, 1, 'CAP-0011', 'RHEINA VANINDYANI', '', 'Titan Nusa Solusi (Solusi)', '', '', ''),
	(187, '127.0.0.1', 'CAP-0003', '$2y$10$t1sxMPVKnbjHO4favNzQi.TGlaMr9cPxyMRaEHSG0.1OVVcu0PCx6', 'riad.ikhwani@titan-corporation.com', NULL, NULL, NULL, NULL, NULL, NULL, NULL, 1671076051, NULL, 1, 'CAP-0003', 'RIAD IKHWANI', '', 'Titan Nusa Solusi (Solusi)', '', '', ''),
	(188, '127.0.0.1', 'CAP-0010', '$2y$10$t1sxMPVKnbjHO4favNzQi.TGlaMr9cPxyMRaEHSG0.1OVVcu0PCx6', 'it.ssc@titan-corporation.com', NULL, NULL, NULL, NULL, NULL, NULL, NULL, 1671076051, NULL, 1, 'CAP-0010', 'ROLAND WIDYANTORO', '', 'Titan Nusa Solusi (Solusi)', '', '', ''),
	(189, '127.0.0.1', 'CAP-0001', '$2y$10$t1sxMPVKnbjHO4favNzQi.TGlaMr9cPxyMRaEHSG0.1OVVcu0PCx6', 'peter.rusli@titan-corporation.com', NULL, NULL, NULL, NULL, NULL, NULL, NULL, 1671076051, NULL, 1, 'CAP-0001', 'SAHIRAN RUSLI', '', 'Titan Nusa Solusi (Solusi)', '', '', ''),
	(190, '127.0.0.1', 'CAP-0002', '$2y$10$t1sxMPVKnbjHO4favNzQi.TGlaMr9cPxyMRaEHSG0.1OVVcu0PCx6', 'shige.horiuchi@titan-corporation.com', NULL, NULL, NULL, NULL, NULL, NULL, NULL, 1671076051, NULL, 1, 'CAP-0002', 'SHIGETAKA HORIUCHI', '', 'Titan Nusa Solusi (Solusi)', '', '', ''),
	(191, '127.0.0.1', 'CAP-0014', '$2y$10$t1sxMPVKnbjHO4favNzQi.TGlaMr9cPxyMRaEHSG0.1OVVcu0PCx6', 'tax.titanteknik@titan-corporation.com', NULL, NULL, NULL, NULL, NULL, NULL, NULL, 1671076051, NULL, 1, 'CAP-0014', 'SUPRIYANTO', '', 'Titan Nusa Solusi (Solusi)', '', '', ''),
	(192, '127.0.0.1', 'CAP-0004', '$2y$10$t1sxMPVKnbjHO4favNzQi.TGlaMr9cPxyMRaEHSG0.1OVVcu0PCx6', 'sutrisno@titan-corporation.com', NULL, NULL, NULL, NULL, NULL, NULL, NULL, 1671076051, NULL, 1, 'CAP-0004', 'SUTRISNO', '', 'Titan Nusa Solusi (Solusi)', '', '', ''),
	(193, '127.0.0.1', 'CAP-0016', '$2y$10$t1sxMPVKnbjHO4favNzQi.TGlaMr9cPxyMRaEHSG0.1OVVcu0PCx6', 'yesi@titan-corporation.com', NULL, NULL, NULL, NULL, NULL, NULL, NULL, 1671076051, NULL, 1, 'CAP-0016', 'YESI WALUYATI', '', 'Titan Nusa Solusi (Solusi)', '', '', ''),
	(194, '127.0.0.1', 'TSI-0002', '$2y$10$t1sxMPVKnbjHO4favNzQi.TGlaMr9cPxyMRaEHSG0.1OVVcu0PCx6', 'cornelia.novianti@titan-corporation.com', NULL, NULL, NULL, NULL, NULL, NULL, NULL, 1671076051, NULL, 1, 'TSI-0002', 'CORNELIA NOVIANTI', '', 'Titan Sentra Inovasi (TSI)', '', '', ''),
	(195, '127.0.0.1', 'TSI-0001', '$2y$10$t1sxMPVKnbjHO4favNzQi.TGlaMr9cPxyMRaEHSG0.1OVVcu0PCx6', 'damien.lim@titan-corporation.com', NULL, NULL, NULL, NULL, NULL, NULL, NULL, 1671076051, 1671593145, 1, 'TSI-0001', 'DAMIEN LIM', '', 'Titan Sentra Inovasi (TSI)', '', '', ''),
	(196, '127.0.0.1', 'TAVI-0003', '$2y$10$t1sxMPVKnbjHO4favNzQi.TGlaMr9cPxyMRaEHSG0.1OVVcu0PCx6', 'fazarmuhamad45@gmail.com', NULL, NULL, NULL, NULL, NULL, NULL, NULL, 1671076051, NULL, 1, 'TAVI-0003', 'FAJAR MUHAMAD', '', 'Titan Sentra Inovasi (TSI)', '', '', ''),
	(197, '127.0.0.1', 'TAVI-0001', '$2y$10$t1sxMPVKnbjHO4favNzQi.TGlaMr9cPxyMRaEHSG0.1OVVcu0PCx6', 'gisela.maria@titan-corporation.com', NULL, NULL, NULL, NULL, NULL, NULL, NULL, 1671076051, NULL, 1, 'TAVI-0001', 'GISELA MARIA SUMEISEY', '', 'Titan Sentra Inovasi (TSI)', '', '', ''),
	(198, '127.0.0.1', 'TSI-0003', '$2y$10$t1sxMPVKnbjHO4favNzQi.TGlaMr9cPxyMRaEHSG0.1OVVcu0PCx6', 'maureenmeilim@gmail.com', NULL, NULL, NULL, NULL, NULL, NULL, NULL, 1671076051, NULL, 1, 'TSI-0003', 'MAUREEN TJOKRO', '', 'Titan Sentra Inovasi (TSI)', '', '', ''),
	(199, '127.0.0.1', 'TAVI-0002', '$2y$10$t1sxMPVKnbjHO4favNzQi.TGlaMr9cPxyMRaEHSG0.1OVVcu0PCx6', 'shafiraakhairan@gmail.com', NULL, NULL, NULL, NULL, NULL, NULL, NULL, 1671076051, NULL, 1, 'TAVI-0002', 'SHAFIRA KHAIRANI', '', 'Titan Sentra Inovasi (TSI)', '', '', ''),
	(200, '127.0.0.1', 'TAJ-0003', '$2y$10$t1sxMPVKnbjHO4favNzQi.TGlaMr9cPxyMRaEHSG0.1OVVcu0PCx6', 'indrapurnama1507@gmail.com', NULL, NULL, NULL, NULL, NULL, NULL, NULL, 1671076051, NULL, 1, 'TAJ-0003', 'AHMAD INDRA PURNAMA', '', 'Titan Adhya Jaya Indoraya (TAJIR)', '', '', ''),
	(201, '127.0.0.1', 'TAJ-0008', '$2y$10$t1sxMPVKnbjHO4favNzQi.TGlaMr9cPxyMRaEHSG0.1OVVcu0PCx6', 'sdian2672@gmail.com', NULL, NULL, NULL, NULL, NULL, NULL, NULL, 1671076051, NULL, 1, 'TAJ-0008', 'DIAN SAPUTRA', '', 'Titan Adhya Jaya Indoraya (TAJIR)', '', '', ''),
	(202, '127.0.0.1', 'TAJ-0001', '$2y$10$t1sxMPVKnbjHO4favNzQi.TGlaMr9cPxyMRaEHSG0.1OVVcu0PCx6', 'okvi.titan@gmail.com', NULL, NULL, NULL, NULL, NULL, NULL, NULL, 1671076051, NULL, 1, 'TAJ-0001', 'OKVI SISKAWATI', '', 'Titan Adhya Jaya Indoraya (TAJIR)', '', '', ''),
	(203, '127.0.0.1', 'TAJ-0002', '$2y$10$t1sxMPVKnbjHO4favNzQi.TGlaMr9cPxyMRaEHSG0.1OVVcu0PCx6', 'parman@titan-corporation.com', NULL, NULL, NULL, NULL, NULL, NULL, NULL, 1671076051, NULL, 1, 'TAJ-0002', 'PARMAN', '', 'Titan Adhya Jaya Indoraya (TAJIR)', '', '', ''),
	(204, '127.0.0.1', 'TAJ-0004', '$2y$10$t1sxMPVKnbjHO4favNzQi.TGlaMr9cPxyMRaEHSG0.1OVVcu0PCx6', 'rizkydkurniawan46@gmail.com', NULL, NULL, NULL, NULL, NULL, NULL, NULL, 1671076051, NULL, 1, 'TAJ-0004', 'RIZKY DWI KURNIAWAN', '', 'Titan Adhya Jaya Indoraya (TAJIR)', '', '', ''),
	(205, '127.0.0.1', 'TAJ-0007', '$2y$10$t1sxMPVKnbjHO4favNzQi.TGlaMr9cPxyMRaEHSG0.1OVVcu0PCx6', 'ruliherdiana0@gmail.com', NULL, NULL, NULL, NULL, NULL, NULL, NULL, 1671076051, NULL, 1, 'TAJ-0007', 'RULI HENDRIANA', '', 'Titan Adhya Jaya Indoraya (TAJIR)', '', '', ''),
	(206, '127.0.0.1', 'TAJ-0009', '$2y$10$t1sxMPVKnbjHO4favNzQi.TGlaMr9cPxyMRaEHSG0.1OVVcu0PCx6', 'prabowo.bagus94@gmail.com', NULL, NULL, NULL, NULL, NULL, NULL, NULL, 1671076051, NULL, 1, 'TAJ-0009', 'TRI WISMO BAGUS PRABOWO', '', 'Titan Adhya Jaya Indoraya (TAJIR)', '', '', ''),
	(207, '127.0.0.1', 'TAJ-0006', '$2y$10$t1sxMPVKnbjHO4favNzQi.TGlaMr9cPxyMRaEHSG0.1OVVcu0PCx6', 'bookmarkwasis@gmail.com', NULL, NULL, NULL, NULL, NULL, NULL, NULL, 1671076051, NULL, 1, 'TAJ-0006', 'WASIS', '', 'Titan Adhya Jaya Indoraya (TAJIR)', '', '', '');
/*!40000 ALTER TABLE `users` ENABLE KEYS */;

-- Dumping structure for table kpi_obai_baru.users_activity
CREATE TABLE IF NOT EXISTS `users_activity` (
  `ID` varchar(255) NOT NULL,
  `USER_ID` varchar(255) NOT NULL DEFAULT '0',
  `ACTIVITY` varchar(255) DEFAULT '',
  `URL_SOURCE` text DEFAULT NULL,
  `REQUEST_DATA` text DEFAULT NULL,
  `IP_ADDRESS` varchar(50) DEFAULT NULL,
  `TABLE` varchar(50) DEFAULT NULL COMMENT 'UTK LOG DATABASE',
  `OLD_DATA` text DEFAULT NULL COMMENT 'utk log database',
  `LOG_DATE` int(11) DEFAULT NULL,
  `DATA` text DEFAULT NULL,
  PRIMARY KEY (`ID`),
  KEY `USER_ID` (`USER_ID`)
) ENGINE=MyISAM DEFAULT CHARSET=latin1 ROW_FORMAT=DYNAMIC;

-- Dumping data for table kpi_obai_baru.users_activity: 0 rows
DELETE FROM `users_activity`;
/*!40000 ALTER TABLE `users_activity` DISABLE KEYS */;
INSERT INTO `users_activity` (`ID`, `USER_ID`, `ACTIVITY`, `URL_SOURCE`, `REQUEST_DATA`, `IP_ADDRESS`, `TABLE`, `OLD_DATA`, `LOG_DATE`, `DATA`) VALUES
	('7693c2212210424445814', '23', 'Login', 'http://localhost/kpi_obai/index.php/akses/Login/validasi', '{"email":"dediapriyadi1917@gmail.com","password":"No Peeping Password !"}', '127.0.0.1', NULL, NULL, 1671593084, '{"module":"akses\\/Login","url":"http:\\/\\/localhost\\/kpi_obai\\/index.php\\/akses\\/Login\\/validasi","identity_user":"dediapriyadi1917@gmail.com","data_code":"dediapriyadi1917@gmail.com","old_data":[],"new_data":[],"raw_post":"{\\"email\\":\\"dediapriyadi1917@gmail.com\\",\\"password\\":\\"No Peeping Password !\\"}","raw_get":""}'),
	('336dc2212210424316755', '195', 'Logout', 'http://localhost/kpi_obai/index.php/akses/Login/logout', 'No Request Data', '127.0.0.1', NULL, NULL, 1671593071, '{"module":"akses\\/Login","url":"http:\\/\\/localhost\\/kpi_obai\\/index.php\\/akses\\/Login\\/logout","identity_user":"damien.lim@titan-corporation.com","data_code":"damien.lim@titan-corporation.com","old_data":[],"new_data":[],"raw_post":"","raw_get":"No Request Data"}'),
	('336dc2212210422219232', '195', 'index Appraisal', 'http://localhost/kpi_obai/index.php/scorecards/Appraisal', 'No Request Data', '127.0.0.1', NULL, NULL, 1671592941, '{"module":"scorecards\\/Appraisal","url":"http:\\/\\/localhost\\/kpi_obai\\/index.php\\/scorecards\\/Appraisal","identity_user":"damien.lim@titan-corporation.com","data_code":"","old_data":[],"new_data":[],"raw_post":"","raw_get":"No Request Data"}'),
	('336dc2212210422181716', '195', 'Dashboard', 'http://localhost/kpi_obai/index.php/dashboard/Home', 'No Request Data', '127.0.0.1', NULL, NULL, 1671592938, '{"module":"dashboard\\/Home","url":"http:\\/\\/localhost\\/kpi_obai\\/index.php\\/dashboard\\/Home","identity_user":"damien.lim@titan-corporation.com","data_code":"","old_data":[],"new_data":[],"raw_post":"","raw_get":"No Request Data"}'),
	('336dc2212210422183731', '195', 'Login', 'http://localhost/kpi_obai/index.php/akses/Login/validasi', '{"email":"TSI-0001","password":"No Peeping Password !"}', '127.0.0.1', NULL, NULL, 1671592938, '{"module":"akses\\/Login","url":"http:\\/\\/localhost\\/kpi_obai\\/index.php\\/akses\\/Login\\/validasi","identity_user":"damien.lim@titan-corporation.com","data_code":"TSI-0001","old_data":[],"new_data":[],"raw_post":"{\\"email\\":\\"TSI-0001\\",\\"password\\":\\"No Peeping Password !\\"}","raw_get":""}'),
	('4ca422212210422135621', '1', 'Logout', 'http://localhost/kpi_obai/index.php/akses/Login/logout', 'No Request Data', '127.0.0.1', NULL, NULL, 1671592933, '{"module":"akses\\/Login","url":"http:\\/\\/localhost\\/kpi_obai\\/index.php\\/akses\\/Login\\/logout","identity_user":"admin@admin.com","data_code":"admin@admin.com","old_data":[],"new_data":[],"raw_post":"","raw_get":"No Request Data"}'),
	('4ca422212210422054410', '1', 'index Employee', 'http://localhost/kpi_obai/index.php/organisasi/Pegawai', 'No Request Data', '127.0.0.1', NULL, NULL, 1671592925, '{"module":"organisasi\\/Pegawai","url":"http:\\/\\/localhost\\/kpi_obai\\/index.php\\/organisasi\\/Pegawai","identity_user":"admin@admin.com","data_code":"","old_data":[],"new_data":[],"raw_post":"","raw_get":"No Request Data"}'),
	('4ca422212210421573441', '1', 'Dashboard', 'http://localhost/kpi_obai/index.php/dashboard/Home', 'No Request Data', '127.0.0.1', NULL, NULL, 1671592917, '{"module":"dashboard\\/Home","url":"http:\\/\\/localhost\\/kpi_obai\\/index.php\\/dashboard\\/Home","identity_user":"admin@admin.com","data_code":"","old_data":[],"new_data":[],"raw_post":"","raw_get":"No Request Data"}'),
	('4ca422212210421457847', '1', 'Login', 'http://localhost/kpi_obai/index.php/akses/Login/validasi', '{"email":"administrator","password":"No Peeping Password !"}', '127.0.0.1', NULL, NULL, 1671592905, '{"module":"akses\\/Login","url":"http:\\/\\/localhost\\/kpi_obai\\/index.php\\/akses\\/Login\\/validasi","identity_user":"admin@admin.com","data_code":"administrator","old_data":[],"new_data":[],"raw_post":"{\\"email\\":\\"administrator\\",\\"password\\":\\"No Peeping Password !\\"}","raw_get":""}'),
	('4ca422212210421453235', '1', 'Dashboard', 'http://localhost/kpi_obai/index.php/dashboard/Home', 'No Request Data', '127.0.0.1', NULL, NULL, 1671592905, '{"module":"dashboard\\/Home","url":"http:\\/\\/localhost\\/kpi_obai\\/index.php\\/dashboard\\/Home","identity_user":"admin@admin.com","data_code":"","old_data":[],"new_data":[],"raw_post":"","raw_get":"No Request Data"}'),
	('336dc2212210421387677', '195', 'Logout', 'http://localhost/kpi_obai/index.php/akses/Login/logout', 'No Request Data', '127.0.0.1', NULL, NULL, 1671592898, '{"module":"akses\\/Login","url":"http:\\/\\/localhost\\/kpi_obai\\/index.php\\/akses\\/Login\\/logout","identity_user":"damien.lim@titan-corporation.com","data_code":"damien.lim@titan-corporation.com","old_data":[],"new_data":[],"raw_post":"","raw_get":"No Request Data"}'),
	('336dc2212210421292680', '195', 'index Employee', 'http://localhost/kpi_obai/index.php/organisasi/Pegawai', 'No Request Data', '127.0.0.1', NULL, NULL, 1671592889, '{"module":"organisasi\\/Pegawai","url":"http:\\/\\/localhost\\/kpi_obai\\/index.php\\/organisasi\\/Pegawai","identity_user":"damien.lim@titan-corporation.com","data_code":"","old_data":[],"new_data":[],"raw_post":"","raw_get":"No Request Data"}'),
	('336dc2212210421234737', '195', 'Dashboard', 'http://localhost/kpi_obai/index.php/dashboard/Home', 'No Request Data', '127.0.0.1', NULL, NULL, 1671592883, '{"module":"dashboard\\/Home","url":"http:\\/\\/localhost\\/kpi_obai\\/index.php\\/dashboard\\/Home","identity_user":"damien.lim@titan-corporation.com","data_code":"","old_data":[],"new_data":[],"raw_post":"","raw_get":"No Request Data"}'),
	('336dc2212210421238586', '195', 'Login', 'http://localhost/kpi_obai/index.php/akses/Login/validasi', '{"email":"TSI-0001","password":"No Peeping Password !"}', '127.0.0.1', NULL, NULL, 1671592883, '{"module":"akses\\/Login","url":"http:\\/\\/localhost\\/kpi_obai\\/index.php\\/akses\\/Login\\/validasi","identity_user":"damien.lim@titan-corporation.com","data_code":"TSI-0001","old_data":[],"new_data":[],"raw_post":"{\\"email\\":\\"TSI-0001\\",\\"password\\":\\"No Peeping Password !\\"}","raw_get":""}'),
	('8f1372212210421187345', '20', 'Logout', 'http://localhost/kpi_obai/index.php/akses/Login/logout', 'No Request Data', '127.0.0.1', NULL, NULL, 1671592878, '{"module":"akses\\/Login","url":"http:\\/\\/localhost\\/kpi_obai\\/index.php\\/akses\\/Login\\/logout","identity_user":"epiacika11@gmail.com","data_code":"epiacika11@gmail.com","old_data":[],"new_data":[],"raw_post":"","raw_get":"No Request Data"}'),
	('8f1372212210420277395', '20', 'index Employee', 'http://localhost/kpi_obai/index.php/organisasi/Pegawai', 'No Request Data', '127.0.0.1', NULL, NULL, 1671592827, '{"module":"organisasi\\/Pegawai","url":"http:\\/\\/localhost\\/kpi_obai\\/index.php\\/organisasi\\/Pegawai","identity_user":"epiacika11@gmail.com","data_code":"","old_data":[],"new_data":[],"raw_post":"","raw_get":"No Request Data"}'),
	('8f1372212210420216263', '20', 'Dashboard', 'http://localhost/kpi_obai/index.php/dashboard/Home/index_peg', 'No Request Data', '127.0.0.1', NULL, NULL, 1671592821, '{"module":"dashboard\\/Home","url":"http:\\/\\/localhost\\/kpi_obai\\/index.php\\/dashboard\\/Home\\/index_peg","identity_user":"epiacika11@gmail.com","data_code":"","old_data":[],"new_data":[],"raw_post":"","raw_get":"No Request Data"}'),
	('8f1372212210420203482', '20', 'Login', 'http://localhost/kpi_obai/index.php/akses/Login/validasi', '{"email":"OBAI-0019","password":"No Peeping Password !"}', '127.0.0.1', NULL, NULL, 1671592820, '{"module":"akses\\/Login","url":"http:\\/\\/localhost\\/kpi_obai\\/index.php\\/akses\\/Login\\/validasi","identity_user":"epiacika11@gmail.com","data_code":"OBAI-0019","old_data":[],"new_data":[],"raw_post":"{\\"email\\":\\"OBAI-0019\\",\\"password\\":\\"No Peeping Password !\\"}","raw_get":""}'),
	('81e722212210420162805', '2', 'Logout', 'http://localhost/kpi_obai/index.php/akses/Login/logout', 'No Request Data', '127.0.0.1', NULL, NULL, 1671592816, '{"module":"akses\\/Login","url":"http:\\/\\/localhost\\/kpi_obai\\/index.php\\/akses\\/Login\\/logout","identity_user":"suhendraachmad01@gmail.com","data_code":"suhendraachmad01@gmail.com","old_data":[],"new_data":[],"raw_post":"","raw_get":"No Request Data"}'),
	('81e722212210420029642', '2', 'index Employee', 'http://localhost/kpi_obai/index.php/organisasi/Pegawai', 'No Request Data', '127.0.0.1', NULL, NULL, 1671592802, '{"module":"organisasi\\/Pegawai","url":"http:\\/\\/localhost\\/kpi_obai\\/index.php\\/organisasi\\/Pegawai","identity_user":"suhendraachmad01@gmail.com","data_code":"","old_data":[],"new_data":[],"raw_post":"","raw_get":"No Request Data"}'),
	('81e722212210419468675', '2', 'Dashboard', 'http://localhost/kpi_obai/index.php/dashboard/Home/index_peg', 'No Request Data', '127.0.0.1', NULL, NULL, 1671592786, '{"module":"dashboard\\/Home","url":"http:\\/\\/localhost\\/kpi_obai\\/index.php\\/dashboard\\/Home\\/index_peg","identity_user":"suhendraachmad01@gmail.com","data_code":"","old_data":[],"new_data":[],"raw_post":"","raw_get":"No Request Data"}'),
	('81e722212210419468825', '2', 'Login', 'http://localhost/kpi_obai/index.php/akses/Login/validasi', '{"email":"OBAI-0001","password":"No Peeping Password !"}', '127.0.0.1', NULL, NULL, 1671592786, '{"module":"akses\\/Login","url":"http:\\/\\/localhost\\/kpi_obai\\/index.php\\/akses\\/Login\\/validasi","identity_user":"suhendraachmad01@gmail.com","data_code":"OBAI-0001","old_data":[],"new_data":[],"raw_post":"{\\"email\\":\\"OBAI-0001\\",\\"password\\":\\"No Peeping Password !\\"}","raw_get":""}'),
	('4ca422212210419418319', '1', 'Logout', 'http://localhost/kpi_obai/index.php/akses/Login/logout', 'No Request Data', '127.0.0.1', NULL, NULL, 1671592781, '{"module":"akses\\/Login","url":"http:\\/\\/localhost\\/kpi_obai\\/index.php\\/akses\\/Login\\/logout","identity_user":"admin@admin.com","data_code":"admin@admin.com","old_data":[],"new_data":[],"raw_post":"","raw_get":"No Request Data"}'),
	('4ca422212210417449074', '1', 'Dashboard', 'http://localhost/kpi_obai/index.php/dashboard/Home', 'No Request Data', '127.0.0.1', NULL, NULL, 1671592664, '{"module":"dashboard\\/Home","url":"http:\\/\\/localhost\\/kpi_obai\\/index.php\\/dashboard\\/Home","identity_user":"admin@admin.com","data_code":"","old_data":[],"new_data":[],"raw_post":"","raw_get":"No Request Data"}'),
	('4ca422212210417349686', '1', 'index Perspective', 'http://localhost/kpi_obai/index.php/scorecards/Perspective', 'No Request Data', '127.0.0.1', NULL, NULL, 1671592654, '{"module":"scorecards\\/Perspective","url":"http:\\/\\/localhost\\/kpi_obai\\/index.php\\/scorecards\\/Perspective","identity_user":"admin@admin.com","data_code":"","old_data":[],"new_data":[],"raw_post":"","raw_get":"No Request Data"}'),
	('4ca422212210417242600', '1', 'Dashboard', 'http://localhost/kpi_obai/index.php/dashboard/Home', 'No Request Data', '127.0.0.1', NULL, NULL, 1671592644, '{"module":"dashboard\\/Home","url":"http:\\/\\/localhost\\/kpi_obai\\/index.php\\/dashboard\\/Home","identity_user":"admin@admin.com","data_code":"","old_data":[],"new_data":[],"raw_post":"","raw_get":"No Request Data"}'),
	('4ca422212210417199524', '1', 'Dashboard', 'http://localhost/kpi_obai/index.php/dashboard/Home', 'No Request Data', '127.0.0.1', NULL, NULL, 1671592639, '{"module":"dashboard\\/Home","url":"http:\\/\\/localhost\\/kpi_obai\\/index.php\\/dashboard\\/Home","identity_user":"admin@admin.com","data_code":"","old_data":[],"new_data":[],"raw_post":"","raw_get":"No Request Data"}'),
	('4ca422212210417182067', '1', 'Login', 'http://localhost/kpi_obai/index.php/akses/Login/validasi', '{"email":"administrator","password":"No Peeping Password !"}', '127.0.0.1', NULL, NULL, 1671592638, '{"module":"akses\\/Login","url":"http:\\/\\/localhost\\/kpi_obai\\/index.php\\/akses\\/Login\\/validasi","identity_user":"admin@admin.com","data_code":"administrator","old_data":[],"new_data":[],"raw_post":"{\\"email\\":\\"administrator\\",\\"password\\":\\"No Peeping Password !\\"}","raw_get":""}'),
	('7693c2212210424448264', '23', 'Dashboard', 'http://localhost/kpi_obai/index.php/dashboard/Home/index_peg', 'No Request Data', '127.0.0.1', NULL, NULL, 1671593084, '{"module":"dashboard\\/Home","url":"http:\\/\\/localhost\\/kpi_obai\\/index.php\\/dashboard\\/Home\\/index_peg","identity_user":"dediapriyadi1917@gmail.com","data_code":"","old_data":[],"new_data":[],"raw_post":"","raw_get":"No Request Data"}'),
	('7693c2212210424497448', '23', 'index Employee', 'http://localhost/kpi_obai/index.php/organisasi/Pegawai', 'No Request Data', '127.0.0.1', NULL, NULL, 1671593089, '{"module":"organisasi\\/Pegawai","url":"http:\\/\\/localhost\\/kpi_obai\\/index.php\\/organisasi\\/Pegawai","identity_user":"dediapriyadi1917@gmail.com","data_code":"","old_data":[],"new_data":[],"raw_post":"","raw_get":"No Request Data"}'),
	('7693c2212210424544425', '23', 'view Profile', 'http://localhost/kpi_obai/index.php/akses/Profile', 'No Request Data', '127.0.0.1', NULL, NULL, 1671593094, '{"module":"akses\\/Profile","url":"http:\\/\\/localhost\\/kpi_obai\\/index.php\\/akses\\/Profile","identity_user":"dediapriyadi1917@gmail.com","data_code":"23","old_data":[],"new_data":[],"raw_post":"","raw_get":"No Request Data"}'),
	('7693c2212210424544384', '23', 'index Profile', 'http://localhost/kpi_obai/index.php/akses/Profile', 'No Request Data', '127.0.0.1', NULL, NULL, 1671593094, '{"module":"akses\\/Profile","url":"http:\\/\\/localhost\\/kpi_obai\\/index.php\\/akses\\/Profile","identity_user":"dediapriyadi1917@gmail.com","data_code":"","old_data":[],"new_data":[],"raw_post":"","raw_get":"No Request Data"}'),
	('7693c2212210425083630', '23', 'view Profile', 'http://localhost/kpi_obai/index.php/akses/Profile', 'No Request Data', '127.0.0.1', NULL, NULL, 1671593108, '{"module":"akses\\/Profile","url":"http:\\/\\/localhost\\/kpi_obai\\/index.php\\/akses\\/Profile","identity_user":"dediapriyadi1917@gmail.com","data_code":"23","old_data":[],"new_data":[],"raw_post":"","raw_get":"No Request Data"}'),
	('7693c2212210425084992', '23', 'index Profile', 'http://localhost/kpi_obai/index.php/akses/Profile', 'No Request Data', '127.0.0.1', NULL, NULL, 1671593108, '{"module":"akses\\/Profile","url":"http:\\/\\/localhost\\/kpi_obai\\/index.php\\/akses\\/Profile","identity_user":"dediapriyadi1917@gmail.com","data_code":"","old_data":[],"new_data":[],"raw_post":"","raw_get":"No Request Data"}'),
	('7693c2212210425215400', '23', 'Logout', 'http://localhost/kpi_obai/index.php/akses/Login/logout', 'No Request Data', '127.0.0.1', NULL, NULL, 1671593121, '{"module":"akses\\/Login","url":"http:\\/\\/localhost\\/kpi_obai\\/index.php\\/akses\\/Login\\/logout","identity_user":"dediapriyadi1917@gmail.com","data_code":"dediapriyadi1917@gmail.com","old_data":[],"new_data":[],"raw_post":"","raw_get":"No Request Data"}'),
	('336dc2212210425457223', '195', 'Login', 'http://localhost/kpi_obai/index.php/akses/Login/validasi', '{"email":"damien.lim@titan-corporation.com","password":"No Peeping Password !"}', '127.0.0.1', NULL, NULL, 1671593145, '{"module":"akses\\/Login","url":"http:\\/\\/localhost\\/kpi_obai\\/index.php\\/akses\\/Login\\/validasi","identity_user":"damien.lim@titan-corporation.com","data_code":"damien.lim@titan-corporation.com","old_data":[],"new_data":[],"raw_post":"{\\"email\\":\\"damien.lim@titan-corporation.com\\",\\"password\\":\\"No Peeping Password !\\"}","raw_get":""}'),
	('336dc2212210425452717', '195', 'Dashboard', 'http://localhost/kpi_obai/index.php/dashboard/Home', 'No Request Data', '127.0.0.1', NULL, NULL, 1671593145, '{"module":"dashboard\\/Home","url":"http:\\/\\/localhost\\/kpi_obai\\/index.php\\/dashboard\\/Home","identity_user":"damien.lim@titan-corporation.com","data_code":"","old_data":[],"new_data":[],"raw_post":"","raw_get":"No Request Data"}'),
	('336dc2212210425513780', '195', 'index Appraisal Report', 'http://localhost/kpi_obai/index.php/report/ReportAppraisal', 'No Request Data', '127.0.0.1', NULL, NULL, 1671593151, '{"module":"report\\/ReportAppraisal","url":"http:\\/\\/localhost\\/kpi_obai\\/index.php\\/report\\/ReportAppraisal","identity_user":"damien.lim@titan-corporation.com","data_code":"","old_data":[],"new_data":[],"raw_post":"","raw_get":"No Request Data"}'),
	('336dc2212210425559807', '195', 'index Individual Report', 'http://localhost/kpi_obai/index.php/report/ReportIndividual', 'No Request Data', '127.0.0.1', NULL, NULL, 1671593155, '{"module":"report\\/ReportIndividual","url":"http:\\/\\/localhost\\/kpi_obai\\/index.php\\/report\\/ReportIndividual","identity_user":"damien.lim@titan-corporation.com","data_code":"","old_data":[],"new_data":[],"raw_post":"","raw_get":"No Request Data"}'),
	('336dc2212210426066388', '195', 'index User Role', 'http://localhost/kpi_obai/index.php/akses/UserRole', 'No Request Data', '127.0.0.1', NULL, NULL, 1671593166, '{"module":"akses\\/UserRole","url":"http:\\/\\/localhost\\/kpi_obai\\/index.php\\/akses\\/UserRole","identity_user":"damien.lim@titan-corporation.com","data_code":"","old_data":[],"new_data":[],"raw_post":"","raw_get":"No Request Data"}'),
	('336dc2212210426114178', '195', 'Logout', 'http://localhost/kpi_obai/index.php/akses/Login/logout', 'No Request Data', '127.0.0.1', NULL, NULL, 1671593171, '{"module":"akses\\/Login","url":"http:\\/\\/localhost\\/kpi_obai\\/index.php\\/akses\\/Login\\/logout","identity_user":"damien.lim@titan-corporation.com","data_code":"damien.lim@titan-corporation.com","old_data":[],"new_data":[],"raw_post":"","raw_get":"No Request Data"}'),
	('4ca422212210436429503', '1', 'Login', 'http://localhost/kpi_obai/index.php/akses/Login/validasi', '{"email":"administrator","password":"No Peeping Password !"}', '127.0.0.1', NULL, NULL, 1671593802, '{"module":"akses\\/Login","url":"http:\\/\\/localhost\\/kpi_obai\\/index.php\\/akses\\/Login\\/validasi","identity_user":"admin@admin.com","data_code":"administrator","old_data":[],"new_data":[],"raw_post":"{\\"email\\":\\"administrator\\",\\"password\\":\\"No Peeping Password !\\"}","raw_get":""}'),
	('4ca422212210436426513', '1', 'Dashboard', 'http://localhost/kpi_obai/index.php/dashboard/Home', 'No Request Data', '127.0.0.1', NULL, NULL, 1671593802, '{"module":"dashboard\\/Home","url":"http:\\/\\/localhost\\/kpi_obai\\/index.php\\/dashboard\\/Home","identity_user":"admin@admin.com","data_code":"","old_data":[],"new_data":[],"raw_post":"","raw_get":"No Request Data"}'),
	('4ca422212210436489126', '1', 'Dashboard', 'http://localhost/kpi_obai/index.php/dashboard/Home', 'No Request Data', '127.0.0.1', NULL, NULL, 1671593808, '{"module":"dashboard\\/Home","url":"http:\\/\\/localhost\\/kpi_obai\\/index.php\\/dashboard\\/Home","identity_user":"admin@admin.com","data_code":"","old_data":[],"new_data":[],"raw_post":"","raw_get":"No Request Data"}'),
	('4ca422212210436524361', '1', 'index Perspective', 'http://localhost/kpi_obai/index.php/scorecards/Perspective', 'No Request Data', '127.0.0.1', NULL, NULL, 1671593812, '{"module":"scorecards\\/Perspective","url":"http:\\/\\/localhost\\/kpi_obai\\/index.php\\/scorecards\\/Perspective","identity_user":"admin@admin.com","data_code":"","old_data":[],"new_data":[],"raw_post":"","raw_get":"No Request Data"}'),
	('4ca422212210436582190', '1', 'index Perspective', 'http://localhost/kpi_obai/index.php/scorecards/Perspective/index/2023/12', 'No Request Data', '127.0.0.1', NULL, NULL, 1671593818, '{"module":"scorecards\\/Perspective","url":"http:\\/\\/localhost\\/kpi_obai\\/index.php\\/scorecards\\/Perspective\\/index\\/2023\\/12","identity_user":"admin@admin.com","data_code":"","old_data":[],"new_data":[],"raw_post":"","raw_get":"No Request Data"}'),
	('4ca422212210436588422', '1', 'index Perspective', 'http://localhost/kpi_obai/index.php/scorecards/Perspective/index/2023/assets/app/media/img/users/user3.jpg', 'No Request Data', '127.0.0.1', NULL, NULL, 1671593818, '{"module":"scorecards\\/Perspective","url":"http:\\/\\/localhost\\/kpi_obai\\/index.php\\/scorecards\\/Perspective\\/index\\/2023\\/assets\\/app\\/media\\/img\\/users\\/user3.jpg","identity_user":"admin@admin.com","data_code":"","old_data":[],"new_data":[],"raw_post":"","raw_get":"No Request Data"}'),
	('4ca422212210453213343', '1', 'index Business Driver', 'http://localhost/kpi_obai/index.php/scorecards/BusinessDriver', 'No Request Data', '127.0.0.1', NULL, NULL, 1671594801, '{"module":"scorecards\\/BusinessDriver","url":"http:\\/\\/localhost\\/kpi_obai\\/index.php\\/scorecards\\/BusinessDriver","identity_user":"admin@admin.com","data_code":"","old_data":[],"new_data":[],"raw_post":"","raw_get":"No Request Data"}'),
	('4ca422212210453253992', '1', 'index Business Driver', 'http://localhost/kpi_obai/index.php/scorecards/BusinessDriver/index/C13/2023/12', 'No Request Data', '127.0.0.1', NULL, NULL, 1671594805, '{"module":"scorecards\\/BusinessDriver","url":"http:\\/\\/localhost\\/kpi_obai\\/index.php\\/scorecards\\/BusinessDriver\\/index\\/C13\\/2023\\/12","identity_user":"admin@admin.com","data_code":"","old_data":[],"new_data":[],"raw_post":"","raw_get":"No Request Data"}'),
	('4ca422212210453254663', '1', 'index Business Driver', 'http://localhost/kpi_obai/index.php/scorecards/BusinessDriver/index/C13/2023/assets/app/media/img/users/user3.jpg', 'No Request Data', '127.0.0.1', NULL, NULL, 1671594805, '{"module":"scorecards\\/BusinessDriver","url":"http:\\/\\/localhost\\/kpi_obai\\/index.php\\/scorecards\\/BusinessDriver\\/index\\/C13\\/2023\\/assets\\/app\\/media\\/img\\/users\\/user3.jpg","identity_user":"admin@admin.com","data_code":"","old_data":[],"new_data":[],"raw_post":"","raw_get":"No Request Data"}'),
	('4ca422212210514038322', '1', 'Logout', 'http://localhost/kpi_obai/index.php/akses/Login/logout', 'No Request Data', '127.0.0.1', NULL, NULL, 1671596043, '{"module":"akses\\/Login","url":"http:\\/\\/localhost\\/kpi_obai\\/index.php\\/akses\\/Login\\/logout","identity_user":"admin@admin.com","data_code":"admin@admin.com","old_data":[],"new_data":[],"raw_post":"","raw_get":"No Request Data"}'),
	('bf31c2212210514176482', '15', 'Login', 'http://localhost/kpi_obai/index.php/akses/Login/validasi', '{"email":"ata.saputra0606@gmail.com","password":"No Peeping Password !"}', '127.0.0.1', NULL, NULL, 1671596057, '{"module":"akses\\/Login","url":"http:\\/\\/localhost\\/kpi_obai\\/index.php\\/akses\\/Login\\/validasi","identity_user":"ata.saputra0606@gmail.com","data_code":"ata.saputra0606@gmail.com","old_data":[],"new_data":[],"raw_post":"{\\"email\\":\\"ata.saputra0606@gmail.com\\",\\"password\\":\\"No Peeping Password !\\"}","raw_get":""}'),
	('bf31c2212210514172101', '15', 'Dashboard', 'http://localhost/kpi_obai/index.php/dashboard/Home/index_peg', 'No Request Data', '127.0.0.1', NULL, NULL, 1671596057, '{"module":"dashboard\\/Home","url":"http:\\/\\/localhost\\/kpi_obai\\/index.php\\/dashboard\\/Home\\/index_peg","identity_user":"ata.saputra0606@gmail.com","data_code":"","old_data":[],"new_data":[],"raw_post":"","raw_get":"No Request Data"}'),
	('bf31c2212210514244342', '15', 'Logout', 'http://localhost/kpi_obai/index.php/akses/Login/logout', 'No Request Data', '127.0.0.1', NULL, NULL, 1671596064, '{"module":"akses\\/Login","url":"http:\\/\\/localhost\\/kpi_obai\\/index.php\\/akses\\/Login\\/logout","identity_user":"ata.saputra0606@gmail.com","data_code":"ata.saputra0606@gmail.com","old_data":[],"new_data":[],"raw_post":"","raw_get":"No Request Data"}'),
	('f53292212210514434062', '179', 'Login', 'http://localhost/kpi_obai/index.php/akses/Login/validasi', '{"email":"billy.yosafat@titan-corporation.com","password":"No Peeping Password !"}', '127.0.0.1', NULL, NULL, 1671596083, '{"module":"akses\\/Login","url":"http:\\/\\/localhost\\/kpi_obai\\/index.php\\/akses\\/Login\\/validasi","identity_user":"billy.yosafat@titan-corporation.com","data_code":"billy.yosafat@titan-corporation.com","old_data":[],"new_data":[],"raw_post":"{\\"email\\":\\"billy.yosafat@titan-corporation.com\\",\\"password\\":\\"No Peeping Password !\\"}","raw_get":""}'),
	('f53292212210514439977', '179', 'Dashboard', 'http://localhost/kpi_obai/index.php/dashboard/Home', 'No Request Data', '127.0.0.1', NULL, NULL, 1671596083, '{"module":"dashboard\\/Home","url":"http:\\/\\/localhost\\/kpi_obai\\/index.php\\/dashboard\\/Home","identity_user":"billy.yosafat@titan-corporation.com","data_code":"","old_data":[],"new_data":[],"raw_post":"","raw_get":"No Request Data"}'),
	('f53292212210515113847', '179', 'index Business Driver', 'http://localhost/kpi_obai/index.php/scorecards/BusinessDriver', 'No Request Data', '127.0.0.1', NULL, NULL, 1671596111, '{"module":"scorecards\\/BusinessDriver","url":"http:\\/\\/localhost\\/kpi_obai\\/index.php\\/scorecards\\/BusinessDriver","identity_user":"billy.yosafat@titan-corporation.com","data_code":"","old_data":[],"new_data":[],"raw_post":"","raw_get":"No Request Data"}'),
	('f53292212210515126756', '179', 'index Perspective', 'http://localhost/kpi_obai/index.php/scorecards/Perspective', 'No Request Data', '127.0.0.1', NULL, NULL, 1671596112, '{"module":"scorecards\\/Perspective","url":"http:\\/\\/localhost\\/kpi_obai\\/index.php\\/scorecards\\/Perspective","identity_user":"billy.yosafat@titan-corporation.com","data_code":"","old_data":[],"new_data":[],"raw_post":"","raw_get":"No Request Data"}'),
	('f53292212210515149871', '179', 'index Department KPI', 'http://localhost/kpi_obai/index.php/scorecards/DepartemenKpi', 'No Request Data', '127.0.0.1', NULL, NULL, 1671596114, '{"module":"scorecards\\/DepartemenKpi","url":"http:\\/\\/localhost\\/kpi_obai\\/index.php\\/scorecards\\/DepartemenKpi","identity_user":"billy.yosafat@titan-corporation.com","data_code":"","old_data":[],"new_data":[],"raw_post":"","raw_get":"No Request Data"}'),
	('f53292212210515227731', '179', 'index User Role', 'http://localhost/kpi_obai/index.php/akses/UserRole', 'No Request Data', '127.0.0.1', NULL, NULL, 1671596122, '{"module":"akses\\/UserRole","url":"http:\\/\\/localhost\\/kpi_obai\\/index.php\\/akses\\/UserRole","identity_user":"billy.yosafat@titan-corporation.com","data_code":"","old_data":[],"new_data":[],"raw_post":"","raw_get":"No Request Data"}'),
	('f53292212210515255167', '179', 'view Profile', 'http://localhost/kpi_obai/index.php/akses/Profile', 'No Request Data', '127.0.0.1', NULL, NULL, 1671596125, '{"module":"akses\\/Profile","url":"http:\\/\\/localhost\\/kpi_obai\\/index.php\\/akses\\/Profile","identity_user":"billy.yosafat@titan-corporation.com","data_code":"179","old_data":[],"new_data":[],"raw_post":"","raw_get":"No Request Data"}'),
	('f53292212210515259057', '179', 'index Profile', 'http://localhost/kpi_obai/index.php/akses/Profile', 'No Request Data', '127.0.0.1', NULL, NULL, 1671596125, '{"module":"akses\\/Profile","url":"http:\\/\\/localhost\\/kpi_obai\\/index.php\\/akses\\/Profile","identity_user":"billy.yosafat@titan-corporation.com","data_code":"","old_data":[],"new_data":[],"raw_post":"","raw_get":"No Request Data"}'),
	('f53292212210515486692', '179', 'index User Role', 'http://localhost/kpi_obai/index.php/akses/UserRole', 'No Request Data', '127.0.0.1', NULL, NULL, 1671596148, '{"module":"akses\\/UserRole","url":"http:\\/\\/localhost\\/kpi_obai\\/index.php\\/akses\\/UserRole","identity_user":"billy.yosafat@titan-corporation.com","data_code":"","old_data":[],"new_data":[],"raw_post":"","raw_get":"No Request Data"}'),
	('f53292212210516188297', '179', 'index User', 'http://localhost/kpi_obai/index.php/akses/User', 'No Request Data', '127.0.0.1', NULL, NULL, 1671596178, '{"module":"akses\\/User","url":"http:\\/\\/localhost\\/kpi_obai\\/index.php\\/akses\\/User","identity_user":"billy.yosafat@titan-corporation.com","data_code":"","old_data":[],"new_data":[],"raw_post":"","raw_get":"No Request Data"}'),
	('f53292212210516225194', '179', 'index User Role', 'http://localhost/kpi_obai/index.php/akses/UserRole', 'No Request Data', '127.0.0.1', NULL, NULL, 1671596182, '{"module":"akses\\/UserRole","url":"http:\\/\\/localhost\\/kpi_obai\\/index.php\\/akses\\/UserRole","identity_user":"billy.yosafat@titan-corporation.com","data_code":"","old_data":[],"new_data":[],"raw_post":"","raw_get":"No Request Data"}');
/*!40000 ALTER TABLE `users_activity` ENABLE KEYS */;

-- Dumping structure for table kpi_obai_baru.users_groups
CREATE TABLE IF NOT EXISTS `users_groups` (
  `id` int(11) unsigned NOT NULL AUTO_INCREMENT,
  `user_id` int(11) unsigned NOT NULL,
  `group_id` mediumint(8) unsigned NOT NULL,
  PRIMARY KEY (`id`),
  UNIQUE KEY `uc_users_groups` (`user_id`,`group_id`),
  KEY `fk_users_groups_users1_idx` (`user_id`),
  KEY `fk_users_groups_groups1_idx` (`group_id`),
  CONSTRAINT `fk_users_groups_groups1` FOREIGN KEY (`group_id`) REFERENCES `groups` (`id`) ON DELETE CASCADE ON UPDATE NO ACTION,
  CONSTRAINT `fk_users_groups_users1` FOREIGN KEY (`user_id`) REFERENCES `users` (`id`) ON DELETE CASCADE ON UPDATE NO ACTION
) ENGINE=InnoDB AUTO_INCREMENT=257 DEFAULT CHARSET=utf8;

-- Dumping data for table kpi_obai_baru.users_groups: ~1 rows (approximately)
DELETE FROM `users_groups`;
/*!40000 ALTER TABLE `users_groups` DISABLE KEYS */;
INSERT INTO `users_groups` (`id`, `user_id`, `group_id`) VALUES
	(1, 1, 1),
	(2, 2, 4),
	(3, 3, 4),
	(4, 4, 4),
	(5, 5, 4),
	(6, 6, 4),
	(7, 7, 4),
	(8, 8, 4),
	(9, 9, 4),
	(10, 10, 4),
	(11, 11, 4),
	(12, 12, 4),
	(13, 13, 4),
	(14, 14, 4),
	(15, 15, 4),
	(16, 16, 4),
	(17, 17, 4),
	(18, 18, 4),
	(19, 19, 4),
	(20, 20, 4),
	(21, 21, 4),
	(22, 22, 4),
	(23, 23, 4),
	(24, 24, 4),
	(25, 25, 4),
	(26, 26, 4),
	(27, 27, 4),
	(28, 28, 4),
	(29, 29, 4),
	(30, 30, 4),
	(31, 31, 4),
	(32, 32, 4),
	(33, 33, 4),
	(34, 34, 4),
	(35, 35, 4),
	(36, 36, 4),
	(37, 37, 4),
	(38, 38, 4),
	(39, 39, 4),
	(40, 40, 4),
	(41, 41, 4),
	(42, 42, 4),
	(43, 43, 5),
	(44, 44, 5),
	(45, 45, 5),
	(46, 46, 4),
	(47, 47, 4),
	(48, 48, 4),
	(49, 49, 4),
	(50, 50, 4),
	(51, 51, 4),
	(52, 52, 4),
	(53, 53, 4),
	(54, 54, 4),
	(55, 55, 4),
	(56, 56, 5),
	(57, 57, 4),
	(58, 58, 4),
	(59, 59, 4),
	(60, 60, 4),
	(61, 61, 4),
	(62, 62, 5),
	(63, 63, 4),
	(64, 64, 4),
	(65, 65, 4),
	(66, 66, 4),
	(67, 67, 6),
	(68, 68, 4),
	(69, 69, 4),
	(70, 70, 4),
	(71, 71, 4),
	(72, 72, 4),
	(73, 73, 4),
	(74, 74, 5),
	(75, 75, 4),
	(76, 76, 4),
	(77, 77, 4),
	(78, 78, 4),
	(79, 79, 4),
	(80, 80, 4),
	(81, 81, 4),
	(82, 82, 4),
	(83, 83, 4),
	(84, 84, 4),
	(85, 85, 4),
	(86, 86, 4),
	(87, 87, 4),
	(88, 88, 4),
	(89, 89, 4),
	(90, 90, 4),
	(91, 91, 4),
	(92, 92, 4),
	(93, 93, 4),
	(94, 94, 4),
	(95, 95, 4),
	(96, 96, 4),
	(97, 97, 4),
	(98, 98, 5),
	(99, 99, 4),
	(100, 100, 4),
	(101, 101, 4),
	(102, 102, 4),
	(103, 103, 4),
	(104, 104, 4),
	(105, 105, 5),
	(106, 106, 4),
	(107, 107, 4),
	(108, 108, 6),
	(109, 109, 4),
	(110, 110, 4),
	(111, 111, 4),
	(112, 112, 4),
	(113, 113, 4),
	(114, 114, 4),
	(115, 115, 4),
	(116, 116, 4),
	(117, 117, 4),
	(118, 118, 4),
	(119, 119, 4),
	(120, 120, 4),
	(121, 121, 4),
	(122, 122, 4),
	(123, 123, 4),
	(124, 124, 4),
	(125, 125, 4),
	(126, 126, 4),
	(127, 127, 4),
	(128, 128, 4),
	(129, 129, 4),
	(130, 130, 4),
	(131, 131, 4),
	(132, 132, 4),
	(133, 133, 4),
	(134, 134, 4),
	(135, 135, 4),
	(136, 136, 4),
	(137, 137, 4),
	(138, 138, 4),
	(139, 139, 4),
	(140, 140, 4),
	(141, 141, 4),
	(142, 142, 4),
	(143, 143, 4),
	(144, 144, 4),
	(145, 145, 4),
	(146, 146, 4),
	(147, 147, 4),
	(148, 148, 5),
	(149, 149, 4),
	(150, 150, 4),
	(151, 151, 5),
	(152, 152, 4),
	(153, 153, 4),
	(154, 154, 4),
	(155, 155, 4),
	(156, 156, 4),
	(157, 157, 4),
	(158, 158, 4),
	(159, 159, 4),
	(160, 160, 4),
	(161, 161, 4),
	(162, 162, 4),
	(163, 163, 4),
	(164, 164, 4),
	(165, 165, 4),
	(166, 166, 4),
	(167, 167, 6),
	(168, 168, 4),
	(169, 169, 5),
	(170, 170, 4),
	(171, 171, 4),
	(172, 172, 4),
	(173, 173, 4),
	(174, 174, 4),
	(175, 175, 4),
	(176, 176, 4),
	(177, 177, 4),
	(178, 178, 4),
	(179, 179, 6),
	(180, 180, 4),
	(181, 181, 4),
	(182, 182, 4),
	(183, 183, 4),
	(184, 184, 4),
	(185, 185, 4),
	(186, 186, 4),
	(187, 187, 5),
	(188, 188, 4),
	(189, 189, 6),
	(190, 190, 4),
	(191, 191, 4),
	(192, 192, 4),
	(193, 193, 4),
	(194, 194, 4),
	(195, 195, 6),
	(196, 196, 4),
	(197, 197, 5),
	(198, 198, 6),
	(199, 199, 4),
	(200, 200, 4),
	(201, 201, 4),
	(202, 202, 4),
	(203, 203, 4),
	(204, 204, 4),
	(205, 205, 4),
	(206, 206, 4),
	(207, 207, 4);
/*!40000 ALTER TABLE `users_groups` ENABLE KEYS */;

-- Dumping structure for table kpi_obai_baru.weightage_company
CREATE TABLE IF NOT EXISTS `weightage_company` (
  `kd_wc` int(11) NOT NULL AUTO_INCREMENT,
  `deskripsi` varchar(255) DEFAULT NULL,
  `bulan` int(11) DEFAULT NULL,
  `tahun` int(11) DEFAULT NULL,
  `kd_perusahaan` int(11) DEFAULT NULL,
  `user_input` varchar(255) DEFAULT NULL,
  `user_edit` varchar(255) DEFAULT NULL,
  `tgl_input` datetime DEFAULT NULL,
  `tgl_edit` datetime DEFAULT NULL,
  PRIMARY KEY (`kd_wc`),
  KEY `FK_weightage_company_perusahaan` (`kd_perusahaan`),
  CONSTRAINT `FK_weightage_company_perusahaan` FOREIGN KEY (`kd_perusahaan`) REFERENCES `perusahaan` (`kd_perusahaan`) ON DELETE CASCADE ON UPDATE CASCADE
) ENGINE=InnoDB DEFAULT CHARSET=latin1;

-- Dumping data for table kpi_obai_baru.weightage_company: ~0 rows (approximately)
DELETE FROM `weightage_company`;
/*!40000 ALTER TABLE `weightage_company` DISABLE KEYS */;
/*!40000 ALTER TABLE `weightage_company` ENABLE KEYS */;

-- Dumping structure for procedure kpi_obai_baru.SpInputResult
DELIMITER //
CREATE PROCEDURE `SpInputResult`(
	IN `param_bulan` INT,
	IN `param_tahun` INT,
	IN `p_kd_perusahaan` INT
)
BEGIN
	delete from departemen_result where departemen_result.bulan = param_bulan and departemen_result.tahun = param_tahun;
	
	INSERT INTO `departemen_result` (`kd_dr`,bulan,tahun, `kd_departemen`, `score_kpi`)
	SELECT concat(param_tahun,param_bulan,appraisal.kd_departemen) as CODE,
				appraisal.bulan,
				appraisal.tahun,
				appraisal.kd_departemen,
				AVG (appraisal.point) score
	FROM appraisal
	INNER JOIN departemen ON appraisal.kd_departemen = departemen.kd_departemen
	where appraisal.bulan =param_bulan and appraisal.tahun =param_tahun AND departemen.kd_perusahaan = p_kd_perusahaan
	GROUP BY appraisal.kd_departemen,
				appraisal.bulan,
				appraisal.tahun;
	
-- -----------------------------------------------------------------------------------------------------------------
	delete from measurement_result where measurement_result.bulan = param_bulan and measurement_result.tahun = param_tahun;
	
	INSERT INTO `measurement_result` (`kd_mr`, `kd_measurement`,kd_bd, `bulan`, `tahun`, `weightage`,  `score`, `point_result`)
	SELECT concat(param_tahun,param_bulan,appraisal_detail.kd_measurement) as code,
				appraisal_detail.kd_measurement,
				measurement.kd_bd,
				appraisal.bulan,
				appraisal.tahun,
				round(tbl_bobot.weightage/tbl_bobot.total_weightage,4) as weightage,
				round((round(tbl_bobot.weightage/tbl_bobot.total_weightage,4)*round(AVG (appraisal_detail.point_result),2)),2) AS score,
				round(AVG (appraisal_detail.point_result),2) gross_score
	FROM appraisal
	INNER JOIN appraisal_detail ON appraisal.kd_appraisal = appraisal_detail.kd_appraisal
	INNER JOIN measurement ON measurement.kd_measurement = appraisal_detail.kd_measurement
	LEFT JOIN business_driver ON business_driver.kd_bd = measurement.kd_bd
	LEFT JOIN perspective ON business_driver.kd_perspective = perspective.kd_perspective
	LEFT JOIN (
			SELECT measurement.kd_measurement,
						measurement.nm_measurement,
						measurement.kd_bd,
						measurement_bobot.tahun,
						measurement_bobot.weightage,
						tbl_tot_bobot.total_weightage
			FROM measurement
			LEFT JOIN measurement_bobot ON measurement.kd_measurement = measurement_bobot.kd_measurement
			LEFT JOIN (
					select measurement.kd_bd, sum(measurement_bobot.weightage) as total_weightage
					from measurement_bobot
					LEFT JOIN measurement ON measurement_bobot.kd_measurement = measurement.kd_measurement
					where measurement_bobot.tahun = param_tahun
					group by measurement.kd_bd
				) as tbl_tot_bobot ON measurement.kd_bd = tbl_tot_bobot.kd_bd
			WHERE measurement_bobot.tahun = param_tahun
		) as tbl_bobot ON appraisal_detail.kd_measurement = tbl_bobot.kd_measurement
	where appraisal.bulan =param_bulan and appraisal.tahun =param_tahun and perspective.kd_perusahaan = p_kd_perusahaan
	GROUP BY appraisal.bulan,
				appraisal.tahun,
				appraisal_detail.kd_measurement,
				measurement.kd_bd,
				tbl_bobot.weightage,
				tbl_bobot.total_weightage;

-- -------------------------------------------------------------------------------------------------------------------------
	delete from business_driver_result where business_driver_result.bulan = param_bulan and business_driver_result.tahun = param_tahun;
	
	INSERT INTO `business_driver_result` (`kd_bdr`, `kd_bd`,kd_perspective, `bulan`, `tahun`, `weightage`, `score`, `result`, `point_result`)
	select concat(param_tahun,param_bulan,business_driver.kd_bd) as code,
				business_driver.kd_bd,
				business_driver.kd_perspective,
				param_bulan as bulan,
				param_tahun as tahun,
				round(business_driver_bobot.weightage/tbl_tot_bobot.total_weightage,4) as weightage,
				ifnull(round((tbl_result.result*round(business_driver_bobot.weightage/tbl_tot_bobot.total_weightage,4)),4),0) as score,
				ifnull(round(tbl_result.result,4),0) as result,
				ifnull(round(tbl_result.result,2),0) as point_result
	from business_driver
	LEFT JOIN business_driver_bobot ON business_driver.kd_bd = business_driver_bobot.kd_bd
	LEFT JOIN perspective ON business_driver.kd_perspective = perspective.kd_perspective
	LEFT JOIN (
		select business_driver.kd_perspective, sum(business_driver_bobot.weightage) as total_weightage
		from business_driver_bobot
		LEFT JOIN business_driver ON business_driver_bobot.kd_bd = business_driver.kd_bd
		where business_driver_bobot.tahun = param_tahun
		group by business_driver.kd_perspective
	) as tbl_tot_bobot ON business_driver.kd_perspective = tbl_tot_bobot.kd_perspective
	left join (
		select measurement_result.kd_bd,
					sum(measurement_result.score) result
		from measurement_result
		where measurement_result.bulan = param_bulan and measurement_result.tahun = param_tahun
		group by measurement_result.kd_bd
	)as tbl_result ON tbl_result.kd_bd = business_driver_bobot.kd_bd
	where business_driver_bobot.tahun = param_tahun and perspective.kd_perusahaan = p_kd_perusahaan;
	
-- -------------------------------------------------------------------------------------------------------------------
	delete from perspective_result where perspective_result.bulan = param_bulan and perspective_result.tahun = param_tahun;
	
	INSERT INTO `perspective_result` (`kd_pr`, `kd_perspective`, `bulan`, `tahun`, `weightage`, `score`, `result`, `point_result`)
	select 	concat(param_tahun,param_bulan,perspective.kd_perspective) as code,
				perspective.kd_perspective,
				param_bulan as bulan,
				param_tahun as tahun,
				round(perspective_bobot.weightage/tbl_total_bobot.total_weightage,4) as weightage,
				ifnull(round((tbl_result.result*round(perspective_bobot.weightage/tbl_total_bobot.total_weightage,4)),4),0) as score,
				ifnull(round(tbl_result.result,4),0) as result,
				ifnull(round(tbl_result.result,2),0) as point_result
	from (select sum(perspective_bobot.weightage) as total_weightage
			from perspective_bobot
			inner join perspective ON perspective.kd_perspective = perspective_bobot.kd_perspective
			where perspective_bobot.tahun = param_tahun and perspective.kd_perusahaan = p_kd_perusahaan
			)as tbl_total_bobot,
			perspective
	LEFT JOIN perspective_bobot ON perspective.kd_perspective = perspective_bobot.kd_perspective
	left join (
		select business_driver_result.kd_perspective,
					sum(business_driver_result.score) result
		from business_driver_result
		where business_driver_result.bulan = param_bulan and business_driver_result.tahun = param_tahun
		group by business_driver_result.kd_perspective
	)as tbl_result ON tbl_result.kd_perspective = perspective_bobot.kd_perspective
	where perspective_bobot.tahun = param_tahun and perspective.kd_perusahaan = p_kd_perusahaan;
END//
DELIMITER ;

/*!40101 SET SQL_MODE=IFNULL(@OLD_SQL_MODE, '') */;
/*!40014 SET FOREIGN_KEY_CHECKS=IF(@OLD_FOREIGN_KEY_CHECKS IS NULL, 1, @OLD_FOREIGN_KEY_CHECKS) */;
/*!40101 SET CHARACTER_SET_CLIENT=@OLD_CHARACTER_SET_CLIENT */;
